month,day,Daily_Temp,Daily_Precip,Daily_Humidity,Daily_Pressure,Daily_WindDir,Daily_WindSpeed,Daily_DNI,Daily_GHI,Daily_radiation
12,12,8.977777777777778,16.0,88.55555555555556,1014.3666666666666,209.55555555555557,2.788888888888889,2.111111111111111,75.22222222222223,74.66666666666667
2,10,-2.21,4.86,47.5,999.32,30.1,4.76,418.5,235.7,92.0
5,15,13.2625,9.0375,48.875,1009.79375,24.8125,4.5125,680.8125,500.5625,77.4375
8,11,32.4,33.833333333333336,34.333333333333336,1002.6866666666666,158.06666666666666,1.18,241.6,269.7333333333333,119.06666666666666
4,4,12.828571428571427,9.69285714285714,50.07142857142857,1010.1214285714286,124.14285714285714,3.314285714285714,621.7142857142857,414.7857142857143,82.78571428571429
12,29,4.199999999999999,8.955555555555556,62.22222222222222,1024.288888888889,122.77777777777776,1.4222222222222225,284.22222222222223,131.66666666666666,72.88888888888889
10,28,13.318181818181818,17.563636363636363,62.0,1000.4909090909092,227.3636363636364,6.836363636363637,70.45454545454545,118.0909090909091,102.9090909090909
2,9,10.34,23.52,72.4,999.8,209.6,10.39,0.0,77.3,77.3
12,4,6.055555555555555,7.688888888888889,60.11111111111112,973.8222222222222,216.0,4.911111111111111,234.77777777777777,130.44444444444446,63.77777777777778
4,8,19.214285714285715,17.342857142857145,48.07142857142857,1012.157142857143,146.5,1.3357142857142856,557.0714285714286,414.57142857142856,101.71428571428572
1,30,11.18,17.240000000000002,77.2,984.17,230.0,4.05,92.2,123.9,93.3
11,28,11.28888888888889,16.299999999999997,68.44444444444444,988.5888888888888,245.22222222222223,6.255555555555556,82.66666666666667,106.88888888888889,92.77777777777776
6,14,24.58235294117647,18.352941176470587,44.23529411764706,1009.1117647058824,114.29411764705884,1.476470588235294,653.1176470588235,495.0,75.23529411764706
6,24,26.975,38.34375,56.3125,1004.8875,159.5,2.60625,268.8125,399.6875,228.0625
9,2,21.335714285714285,16.678571428571427,48.42857142857143,1011.2071428571428,60.0,4.535714285714286,617.5714285714286,427.3571428571428,84.28571428571429
11,11,13.077777777777778,17.055555555555557,74.44444444444444,1011.6666666666666,177.88888888888889,2.6333333333333333,2.333333333333333,80.11111111111111,79.44444444444444
2,23,10.425,8.991666666666667,67.33333333333333,1018.2916666666666,84.91666666666667,3.5416666666666665,600.5833333333334,277.4166666666667,51.25
8,29,22.52142857142857,19.35,45.285714285714285,1010.1214285714286,293.07142857142856,2.85,278.42857142857144,295.35714285714283,167.42857142857142
11,24,9.322222222222225,13.8,75.88888888888889,996.6555555555556,210.77777777777777,2.477777777777778,240.11111111111111,155.66666666666666,87.55555555555556
10,5,12.791666666666666,23.05,80.16666666666667,990.7666666666668,237.16666666666663,6.416666666666667,0.0,96.58333333333331,96.58333333333331
3,9,7.875,10.608333333333333,57.66666666666666,1009.7666666666668,323.5,2.1,293.3333333333333,281.3333333333333,155.66666666666666
9,10,19.185714285714287,16.8,37.71428571428572,1007.0428571428572,91.64285714285714,2.357142857142857,529.7857142857143,377.0,102.5
5,25,19.41875,18.96875,51.0625,1022.43125,44.0625,2.91875,339.1875,417.3125,210.5625
6,30,16.625,27.475,73.0,1005.41875,317.75,3.0875,0.0,171.875,171.875
7,16,19.075,30.23125,64.125,1012.55,96.3125,4.3125,76.375,223.5,187.5
6,26,28.7375,33.94375,59.5,1010.44375,53.1875,4.71875,499.875,483.25,132.5625
3,16,9.208333333333334,19.05,76.08333333333333,1009.8583333333332,252.75,1.85,4.75,104.0,102.58333333333331
12,24,11.6375,10.9,70.875,1003.9875,258.875,6.0,414.75,160.5,51.75
2,27,7.5,12.245454545454544,74.0909090909091,987.181818181818,268.0,8.681818181818182,19.545454545454547,103.27272727272728,100.1818181818182
9,16,19.95384615384615,22.23846153846154,56.07692307692308,1007.3307692307692,29.923076923076923,1.9,256.0769230769231,311.6923076923077,180.7692307692308
10,22,10.909090909090908,12.245454545454544,62.81818181818182,1012.2727272727273,268.90909090909093,3.290909090909091,283.1818181818182,198.54545454545453,93.9090909090909
10,5,15.016666666666666,24.575,79.5,1003.7416666666668,233.08333333333331,1.5,8.166666666666666,164.91666666666666,163.41666666666666
2,2,14.59,25.52,77.5,1002.17,251.6,6.05,3.6,92.1,91.5
1,20,2.6333333333333333,10.911111111111111,93.22222222222224,999.0222222222224,42.77777777777778,2.911111111111111,22.22222222222222,59.55555555555556,57.333333333333336
2,28,9.908333333333331,13.966666666666669,80.33333333333333,1006.5916666666668,250.25,7.45,149.41666666666666,155.66666666666666,108.0
10,13,11.536363636363635,17.581818181818182,71.9090909090909,997.6,263.90909090909093,3.7454545454545456,53.63636363636363,152.63636363636363,132.0
6,1,21.5625,16.23125,46.5625,1007.28125,67.8125,3.95,669.8125,515.9375,83.25
7,20,24.04375,30.26875,55.3125,1001.925,241.625,4.7375,158.4375,305.3125,214.25
10,7,15.441666666666665,21.9,61.5,1015.9833333333332,122.5,1.1083333333333332,225.83333333333331,245.58333333333331,166.66666666666666
12,5,3.3666666666666667,5.844444444444445,62.22222222222222,1012.4,236.55555555555557,1.2888888888888888,24.55555555555556,79.22222222222223,76.66666666666667
12,12,4.7444444444444445,14.077777777777778,78.77777777777777,988.8777777777776,184.33333333333331,5.988888888888889,10.22222222222222,75.33333333333333,73.77777777777777
5,18,18.89375,21.25,45.4375,1014.275,324.0,2.29375,618.125,483.5625,90.9375
8,2,23.81875,24.65,45.0625,1006.30625,189.6875,2.96875,301.4375,392.5625,200.8125
6,10,17.1,18.7125,48.875,1004.4625,268.6875,2.28125,162.9375,333.625,236.125
11,10,6.970000000000001,11.92,77.9,998.91,109.4,0.97,12.5,88.1,86.7
3,13,9.308333333333334,9.808333333333334,56.75,1011.275,252.41666666666663,3.4333333333333336,347.8333333333333,308.1666666666667,154.58333333333334
12,18,8.866666666666667,13.4,79.22222222222223,1008.311111111111,175.55555555555554,4.111111111111111,487.77777777777777,150.77777777777777,36.44444444444444
6,12,21.541176470588237,27.88235294117647,60.70588235294117,1012.1941176470588,320.7647058823529,3.0588235294117645,286.29411764705884,391.7647058823529,237.2941176470588
12,28,6.233333333333333,10.31111111111111,84.44444444444444,1025.9,91.77777777777776,2.011111111111111,20.55555555555556,70.77777777777777,68.77777777777777
9,30,16.923076923076923,22.392307692307693,59.84615384615385,1003.7153846153846,230.92307692307693,3.753846153846154,243.7692307692308,265.53846153846155,160.30769230769232
12,8,3.85,8.4625,73.875,992.625,327.875,2.35,400.125,160.625,56.375
7,14,18.04375,30.31875,76.25,1005.39375,327.875,5.1,9.9375,194.4375,187.1875
5,15,13.88125,11.65,49.375,1008.09375,56.5,4.1625,685.1875,495.625,72.5625
6,5,17.125,23.48125,66.375,1013.4125,282.875,3.46875,59.9375,263.125,236.0
4,6,5.235714285714286,5.692857142857143,37.35714285714285,1007.65,309.6428571428572,4.678571428571429,230.28571428571428,278.85714285714283,174.07142857142858
5,7,17.89333333333333,11.306666666666668,37.2,1011.1266666666668,96.26666666666668,2.253333333333333,530.5333333333333,468.4,141.8
9,9,23.37142857142857,31.85,54.21428571428572,1012.2285714285716,305.0,2.457142857142857,486.7142857142857,366.2142857142857,94.35714285714286
3,14,7.85,18.65,93.16666666666669,996.3416666666668,259.25,10.241666666666667,0.0,99.08333333333331,99.08333333333331
10,1,15.758333333333333,18.65,60.0,990.4916666666668,247.75,4.9,122.58333333333331,203.25,151.0
9,21,22.32307692307692,11.923076923076923,34.76923076923077,1004.4846153846154,193.0,2.292307692307692,586.3846153846154,373.84615384615387,78.15384615384616
5,4,16.779999999999998,20.14,64.66666666666667,1006.02,51.53333333333333,2.1933333333333334,25.066666666666663,261.7333333333333,243.46666666666667
1,4,2.011111111111111,8.522222222222222,86.22222222222223,1024.4333333333334,15.22222222222222,3.077777777777777,33.77777777777778,65.22222222222223,58.22222222222222
1,1,6.9,9.833333333333334,89.88888888888889,1019.0222222222224,307.8888888888889,3.522222222222222,0.0,35.888888888888886,35.888888888888886
1,12,7.1000000000000005,14.255555555555556,83.11111111111111,1014.2222222222222,221.0,5.088888888888889,23.0,83.33333333333333,78.88888888888889
2,11,-1.11,4.5600000000000005,49.7,1013.67,90.2,4.92,520.6,261.5,76.2
6,27,20.8,27.43125,65.125,1000.75625,218.5625,5.8625,79.5625,220.0,190.125
7,21,25.29375,26.725,49.6875,1010.825,48.25,3.1125,468.125,460.1875,141.875
6,21,19.488235294117647,16.61764705882353,47.64705882352941,1008.9764705882352,187.35294117647055,2.4411764705882355,356.11764705882354,417.4705882352941,177.35294117647058
10,12,12.490909090909092,15.827272727272726,60.0,1011.0363636363636,259.09090909090907,2.018181818181818,60.54545454545455,197.72727272727272,170.1818181818182
9,21,22.03076923076923,23.03846153846154,45.61538461538461,1001.9692307692308,140.0,2.6923076923076925,562.5384615384615,363.0769230769231,82.61538461538461
2,16,14.88,22.630000000000003,60.2,997.29,214.0,10.65,7.8,132.8,130.1
2,26,10.60909090909091,8.200000000000001,55.27272727272727,1023.681818181818,101.63636363636364,4.045454545454546,138.0,190.0,148.8181818181818
9,12,20.4,14.907692307692308,46.69230769230769,1010.5307692307692,321.3076923076923,2.1,463.46153846153845,386.9230769230769,132.15384615384616
2,10,10.11,11.99,58.2,999.14,249.7,9.7,123.6,157.9,114.9
7,21,23.80625,23.16875,45.0,1011.3125,294.5,2.21875,473.5625,455.3125,143.4375
6,30,24.825,29.55625,45.9375,1006.74375,306.9375,3.5875,327.75,390.4375,175.125
9,7,19.678571428571427,17.771428571428572,39.57142857142857,1014.092857142857,268.6428571428572,1.5,542.8571428571429,386.0,104.57142857142856
10,18,11.772727272727272,12.71818181818182,61.63636363636363,1012.981818181818,234.63636363636363,0.7818181818181817,351.54545454545456,259.45454545454544,119.0
5,27,21.725,22.575,45.25,1021.53125,41.75,3.39375,603.125,495.625,102.25
11,15,4.300000000000001,13.033333333333331,90.22222222222224,987.4,112.11111111111111,2.1555555555555554,0.0,71.11111111111111,71.11111111111111
1,27,6.5,20.28,89.8,1003.68,238.5,2.85,0.0,51.3,51.3
12,30,5.133333333333334,8.955555555555556,71.33333333333333,994.5888888888888,249.88888888888889,3.011111111111111,240.11111111111111,128.88888888888889,67.33333333333333
11,30,4.944444444444445,13.933333333333334,51.11111111111112,1016.2777777777778,215.22222222222223,1.6,258.44444444444446,142.33333333333334,69.44444444444444
10,1,19.98333333333333,26.40833333333333,61.41666666666666,992.5833333333334,232.58333333333331,6.483333333333333,68.75,195.5,164.33333333333334
3,11,12.808333333333332,13.475,54.333333333333336,995.1583333333332,251.25,8.975,155.33333333333334,214.91666666666663,144.0
8,30,23.685714285714287,17.978571428571428,32.57142857142857,1011.4714285714286,51.5,1.15,646.9285714285714,439.2857142857143,78.28571428571429
2,5,7.56,8.09,67.2,1025.34,68.4,1.49,140.0,151.8,110.8
4,21,15.092857142857143,12.392857142857142,47.285714285714285,1005.75,36.785714285714285,3.542857142857143,190.5,316.35714285714283,211.42857142857144
4,26,16.733333333333334,9.813333333333333,36.266666666666666,1000.2266666666668,171.8,2.053333333333333,637.7333333333333,470.4,89.26666666666667
2,21,7.366666666666667,12.641666666666666,62.083333333333336,1019.0416666666666,235.0,3.9583333333333335,327.3333333333333,221.41666666666663,106.25
4,13,7.714285714285714,5.028571428571429,38.92857142857143,1020.9571428571428,51.21428571428572,3.2857142857142856,656.1428571428571,457.8571428571428,87.21428571428571
11,16,6.088888888888889,12.088888888888889,82.66666666666667,995.0666666666668,151.44444444444446,3.733333333333333,24.666666666666668,95.77777777777776,93.0
1,31,12.21,15.32,79.9,1003.2,226.8,4.59,94.7,144.2,113.6
9,26,19.316666666666663,32.725,68.16666666666667,999.9416666666666,224.08333333333331,6.166666666666667,3.75,139.08333333333334,136.83333333333334
4,24,14.553333333333336,6.873333333333333,40.13333333333333,1011.5866666666666,57.6,4.233333333333333,674.4666666666667,472.8,72.46666666666667
12,14,7.2666666666666675,15.788888888888888,77.77777777777777,1018.4,229.44444444444449,0.5444444444444445,8.444444444444445,49.55555555555556,48.66666666666666
8,9,24.16875,38.99375,60.3125,996.44375,215.8125,4.325,20.875,160.375,147.75
9,18,22.62307692307692,21.21538461538461,48.46153846153846,1006.2153846153846,67.61538461538461,3.8230769230769233,433.61538461538464,353.0,123.15384615384616
11,10,14.03,20.82,72.0,1014.38,234.5,1.31,22.4,93.5,87.1
2,16,8.26,15.59,79.8,1005.09,198.1,4.45,57.3,171.4,153.8
9,7,17.585714285714285,18.12857142857143,55.21428571428572,1009.6642857142856,309.0,3.4714285714285715,75.07142857142857,241.2142857142857,208.5
6,26,25.1125,34.70625,60.0,1000.46875,239.625,4.05,129.25,315.6875,212.1875
3,30,12.94285714285714,10.407142857142857,54.07142857142857,1006.3785714285714,170.07142857142858,3.1714285714285717,592.3571428571429,384.2142857142857,82.5
3,21,8.841666666666667,14.8,70.83333333333333,1009.1416666666668,57.75,5.025,0.0,96.75,96.75
9,20,18.307692307692307,11.76923076923077,31.923076923076923,1011.4923076923076,85.61538461538461,4.9,663.6923076923077,387.1538461538461,62.69230769230769
9,4,24.37857142857143,31.964285714285715,50.285714285714285,1004.3785714285714,90.35714285714286,1.0,119.57142857142856,278.42857142857144,214.57142857142856
6,17,22.63529411764706,21.029411764705884,51.23529411764706,1007.5529411764708,156.0,1.6058823529411763,391.2941176470589,427.7647058823529,168.05882352941177
11,3,11.136363636363637,11.318181818181818,59.09090909090909,1013.5909090909092,244.3636363636364,5.190909090909091,177.0909090909091,166.54545454545453,108.72727272727272
5,3,11.38,14.933333333333334,73.2,999.2,324.2,2.64,76.06666666666666,256.2,201.13333333333333
6,8,16.7375,16.54375,53.5625,1010.18125,234.0625,6.13125,210.4375,382.25,239.5625
7,26,21.44375,21.1625,53.875,1003.6125,267.75,3.525,225.1875,367.5,238.875
1,13,7.44,21.53,94.0,1009.3,253.7,3.63,0.0,55.5,55.5
8,24,26.466666666666665,15.193333333333332,37.66666666666666,1007.6666666666666,116.46666666666668,1.52,467.6,407.8666666666667,125.13333333333334
11,11,7.2,12.94,76.4,995.13,239.2,5.15,69.2,104.1,86.4
1,1,4.088888888888889,12.988888888888887,81.55555555555556,1019.5666666666668,161.0,2.177777777777778,8.666666666666666,75.44444444444444,74.66666666666667
2,17,11.06,6.76,47.8,1005.37,192.4,5.09,622.4,295.7,71.2
1,2,2.1666666666666665,8.677777777777777,78.0,1003.7444444444444,321.8888888888889,1.3777777777777778,282.1111111111111,135.77777777777777,70.66666666666667
3,27,9.828571428571427,13.657142857142857,52.142857142857146,1006.8928571428572,17.214285714285715,3.4,422.3571428571428,345.7857142857143,117.92857142857144
3,22,10.53076923076923,8.669230769230769,66.61538461538461,1014.2692307692308,183.15384615384616,2.123076923076923,642.7692307692307,384.5384615384616,69.92307692307692
7,6,27.15625,27.7875,40.75,1001.2375,256.0,2.5625,554.8125,490.9375,121.8125
1,28,12.77,18.49,79.0,996.79,263.5,5.34,41.8,114.6,103.3
3,15,11.575,12.758333333333333,68.58333333333333,1001.8916666666668,189.33333333333331,4.016666666666667,507.5,349.0,109.66666666666669
7,9,20.05,22.60625,42.625,1009.16875,44.8125,4.01875,662.8125,509.9375,80.875
8,16,20.540000000000003,25.69333333333333,57.266666666666666,1005.22,213.6,3.506666666666667,177.53333333333333,320.46666666666664,207.33333333333331
11,1,16.78181818181818,37.39090909090909,83.36363636363636,1002.2272727272727,215.72727272727272,7.2,4.727272727272728,54.36363636363637,53.63636363636363
4,21,16.393333333333334,20.89333333333333,48.6,999.64,63.333333333333336,4.613333333333333,250.86666666666667,363.53333333333336,198.06666666666663
4,13,14.885714285714286,16.685714285714287,56.35714285714285,1006.4857142857144,35.07142857142857,6.371428571428572,397.6428571428572,383.07142857142856,157.85714285714286
6,2,21.725,30.00625,69.0,1002.11875,186.3125,3.4625,332.1875,407.9375,207.5625
5,20,22.40625,23.1875,47.875,1010.3125,51.25,2.5875,631.5,488.3125,87.375
6,20,20.70625,24.375,53.125,1009.99375,234.3125,1.94375,177.875,343.8125,261.6875
8,29,16.62142857142857,21.99285714285714,63.5,995.3214285714286,294.6428571428572,4.557142857142857,29.714285714285715,222.7142857142857,206.3571428571429
12,20,9.425,12.275,77.0,1007.675,215.25,3.6125,248.375,133.5,77.125
4,14,9.664285714285716,7.878571428571428,44.85714285714285,1014.0357142857144,56.35714285714285,4.785714285714286,717.9285714285714,468.2142857142857,70.21428571428571
6,3,19.4625,27.4,65.5625,1004.4,260.6875,2.4375,81.9375,241.25,196.8125
10,5,14.816666666666668,18.808333333333334,67.5,996.425,241.16666666666663,6.441666666666666,159.25,181.08333333333331,122.41666666666669
11,8,14.929999999999998,25.01,79.2,1009.08,175.5,2.62,3.4,102.8,101.4
12,10,5.788888888888889,10.066666666666666,69.0,1013.8666666666666,194.0,4.933333333333334,323.22222222222223,138.66666666666666,61.888888888888886
12,26,3.9375,9.8,68.75,1014.5875,223.75,3.7,261.75,138.625,80.25
7,28,19.70625,20.89375,55.9375,1002.58125,239.0625,4.9875,141.5,316.0625,228.25
4,9,20.92142857142857,16.2,41.35714285714285,1011.9357142857144,108.42857142857144,1.7142857142857142,531.7857142857143,414.2142857142857,113.35714285714286
9,4,24.385714285714283,27.957142857142856,49.5,1010.8357142857144,260.7857142857143,2.1714285714285717,535.1428571428571,396.1428571428572,91.0
6,15,24.935294117647057,24.758823529411764,47.0,1007.8117647058824,338.29411764705884,1.876470588235294,524.5882352941177,472.4705882352941,110.41176470588236
3,29,12.157142857142857,12.828571428571427,62.85714285714285,1012.4785714285716,91.21428571428572,3.0142857142857147,538.0,368.7857142857143,90.42857142857144
8,10,30.613333333333333,36.57333333333334,40.2,1001.96,83.86666666666666,1.76,342.6666666666667,398.73333333333335,173.53333333333333
12,7,5.466666666666667,9.533333333333331,72.33333333333333,987.4777777777776,172.88888888888889,1.5777777777777775,0.0,55.77777777777778,55.77777777777778
1,5,3.6666666666666665,10.255555555555556,82.55555555555556,1021.6777777777778,325.8888888888889,4.255555555555556,5.111111111111111,41.11111111111112,40.66666666666666
3,25,7.671428571428572,7.328571428571428,60.07142857142857,1013.9785714285716,223.42857142857144,6.1000000000000005,466.8571428571428,342.6428571428572,112.35714285714286
5,8,20.02,20.146666666666665,48.53333333333333,1005.24,79.53333333333333,2.146666666666667,216.8,343.4,191.13333333333333
3,4,6.45,13.75,78.5,1000.325,195.83333333333331,4.183333333333334,10.583333333333334,123.83333333333331,121.25
12,13,8.933333333333334,10.455555555555556,76.77777777777777,1015.8333333333334,140.33333333333334,1.8555555555555556,7.777777777777778,46.888888888888886,46.11111111111112
11,6,11.13,15.64,71.5,994.77,285.7,2.46,162.0,169.5,110.1
6,16,19.475,24.15625,58.0,1003.99375,212.125,2.68125,105.25,338.4375,261.75
12,1,9.988888888888887,14.711111111111112,75.88888888888889,989.8777777777776,265.1111111111111,6.188888888888889,152.0,120.55555555555556,80.55555555555556
8,31,25.964285714285715,27.37142857142857,42.35714285714285,1001.5785714285714,223.3571428571429,4.071428571428571,305.57142857142856,362.57142857142856,170.78571428571428
5,2,13.513333333333332,11.04,50.6,1001.8066666666668,279.1333333333333,3.4866666666666664,222.53333333333333,365.53333333333336,234.46666666666667
8,31,20.22142857142857,19.65714285714285,56.07142857142857,1013.3071428571428,36.285714285714285,4.3,163.28571428571428,302.5,215.42857142857144
8,13,17.89375,20.15,52.5625,1009.66875,267.75,3.51875,189.625,291.125,189.75
4,15,11.535714285714286,11.8,52.85714285714285,1003.1142857142858,112.28571428571428,5.6000000000000005,490.07142857142856,421.9285714285714,147.42857142857142
2,7,8.01,9.37,72.9,1000.12,251.7,7.279999999999999,463.4,225.2,70.0
11,26,9.122222222222222,14.533333333333337,73.77777777777777,1008.6444444444444,110.0,1.0444444444444445,479.6666666666667,178.33333333333334,50.66666666666666
3,11,5.9750000000000005,7.433333333333334,66.08333333333333,1012.1333333333332,303.5833333333333,8.266666666666667,307.5,275.5833333333333,136.16666666666666
3,7,8.625,10.891666666666666,73.25,987.0166666666668,241.5,9.733333333333333,188.08333333333331,211.0,150.75
10,10,13.145454545454545,11.69090909090909,52.27272727272727,1013.9454545454544,294.8181818181818,3.609090909090909,352.0,262.8181818181818,139.45454545454547
6,6,15.2375,12.70625,48.75,993.6125,269.9375,5.4,328.4375,418.3125,212.75
4,22,19.264285714285712,18.2,51.85714285714285,990.5785714285714,86.92857142857143,1.5071428571428571,145.92857142857142,323.0,246.3571428571429
11,3,10.14,12.11,64.6,990.96,336.4,3.49,208.3,170.3,101.8
7,18,23.9,20.14375,56.0625,1011.675,39.0625,4.775,646.625,496.75,81.25
3,7,8.575000000000001,13.641666666666666,64.5,1009.8083333333334,244.0,2.475,150.33333333333334,229.83333333333331,170.5
8,1,19.55,22.925,51.5625,1001.75,284.75,3.025,230.3125,354.4375,221.625
1,17,5.46,9.79,79.8,1012.93,313.5,3.51,152.1,112.4,69.3
7,10,19.4875,22.35,58.0,1006.0625,303.6875,4.10625,139.5625,296.625,230.8125
10,3,14.575,22.95,77.16666666666667,992.275,251.0,4.241666666666666,21.0,154.5,145.25
8,27,29.135714285714283,27.928571428571427,32.285714285714285,1003.2,185.28571428571428,2.435714285714286,124.78571428571428,313.07142857142856,223.64285714285717
7,12,20.43125,13.4,43.125,1014.70625,39.6875,3.40625,639.8125,510.375,90.375
8,27,19.42142857142857,18.692857142857143,47.5,1008.7714285714284,25.571428571428573,4.2,217.8571428571429,341.2857142857143,210.2142857142857
7,28,20.89375,26.16875,54.75,997.175,290.1875,4.1875,103.0625,293.9375,245.125
5,1,13.533333333333331,14.046666666666663,60.2,992.8866666666668,253.0,5.713333333333334,181.0,297.6666666666667,199.2
2,29,9.733333333333333,13.391666666666666,64.66666666666667,983.65,228.33333333333331,8.049999999999999,89.0,164.0,133.83333333333334
7,29,24.45,21.6,36.1875,999.8,165.75,2.6375,619.3125,474.1875,87.375
6,21,20.1625,24.56875,66.4375,996.89375,213.75,2.6125,256.8125,411.0,211.3125
8,4,16.2,27.0,70.5625,1001.9625,122.4375,1.2375,59.375,226.625,188.1875
8,3,19.71875,20.825,50.75,1004.20625,307.875,3.8125,94.625,296.0,231.0625
9,15,28.692307692307693,24.23076923076923,29.692307692307693,1007.5923076923076,205.30769230769232,1.5923076923076922,506.7692307692308,374.3076923076923,109.15384615384616
12,5,5.477777777777778,11.022222222222222,78.44444444444444,992.3222222222222,293.22222222222223,4.833333333333333,67.33333333333333,80.22222222222223,66.77777777777777
8,25,22.95,28.035714285714285,48.21428571428572,998.1857142857144,208.42857142857144,6.207142857142857,159.57142857142858,281.1428571428572,183.57142857142856
3,6,5.933333333333334,3.7,42.5,1017.9916666666668,62.833333333333336,4.491666666666666,699.5,346.4166666666667,53.583333333333336
10,24,15.654545454545454,19.363636363636363,65.36363636363636,997.5454545454544,201.63636363636363,5.090909090909091,96.1818181818182,165.0,136.72727272727272
8,2,21.15625,21.3,47.3125,1006.78125,307.375,3.59375,468.4375,433.125,134.375
8,29,17.04285714285714,21.814285714285717,64.71428571428571,1010.3214285714286,13.642857142857142,3.857142857142857,5.5,191.3571428571429,189.28571428571428
4,22,12.613333333333332,10.226666666666668,47.4,1011.8066666666668,52.86666666666667,4.6466666666666665,580.4666666666667,444.9333333333333,101.4
11,14,11.33,15.96,78.0,1008.87,91.5,3.43,34.1,82.0,74.5
8,15,26.03333333333333,26.85333333333333,44.46666666666667,1003.5666666666668,229.86666666666667,2.993333333333333,432.2,411.4,159.8
8,17,18.285714285714285,43.92142857142857,88.42857142857143,998.8785714285714,213.07142857142856,4.857142857142857,0.0,106.0,106.0
9,5,17.414285714285715,15.935714285714283,50.35714285714285,1013.05,343.5,3.821428571428572,114.92857142857144,227.7142857142857,182.28571428571428
10,9,15.541666666666666,21.45833333333333,68.75,1008.8833333333332,280.5833333333333,3.0416666666666665,110.08333333333331,168.5,135.58333333333334
2,26,6.227272727272728,7.890909090909091,59.0,997.2636363636364,289.27272727272725,6.790909090909091,198.63636363636363,176.36363636363637,115.9090909090909
12,9,5.255555555555556,8.944444444444445,71.22222222222223,996.2777777777778,228.0,4.199999999999999,421.77777777777777,153.77777777777777,47.333333333333336
12,5,4.522222222222222,9.533333333333331,76.0,982.7333333333332,163.55555555555554,4.566666666666666,2.555555555555556,54.11111111111112,53.888888888888886
6,17,23.8,37.98125,68.25,999.98125,219.0625,3.49375,86.5,282.0625,213.9375
2,14,9.68,11.24,71.0,1011.99,228.1,3.3,134.6,153.8,111.5
4,29,13.753333333333334,19.37333333333333,65.8,996.3866666666668,224.13333333333333,5.533333333333333,45.86666666666667,229.9333333333333,201.46666666666667
1,23,4.08,10.99,85.3,981.79,235.8,4.13,5.6,72.4,71.5
11,18,6.188888888888889,14.544444444444444,85.22222222222223,1001.7111111111112,290.8888888888889,3.355555555555556,27.444444444444443,101.22222222222224,97.0
3,3,12.066666666666668,17.599999999999998,71.58333333333333,995.15,219.25,9.633333333333336,16.166666666666668,88.66666666666667,79.91666666666667
3,2,12.091666666666669,12.116666666666667,55.41666666666666,1017.025,163.5,1.5833333333333333,283.6666666666667,246.0,124.0
5,24,11.88125,15.35,74.0625,997.61875,227.375,6.5875,126.5,278.5625,192.6875
12,6,6.288888888888889,11.566666666666666,73.77777777777777,1002.9777777777776,179.55555555555554,3.077777777777778,22.11111111111111,87.44444444444444,81.0
9,13,22.115384615384617,26.09230769230769,53.53846153846154,1004.3,96.6153846153846,2.707692307692308,378.3076923076923,355.46153846153845,156.3846153846154
2,20,14.30909090909091,14.172727272727274,55.54545454545455,999.018181818182,175.27272727272728,5.381818181818182,396.27272727272725,252.63636363636363,99.36363636363636
2,27,12.325,8.508333333333333,62.583333333333336,1010.8166666666666,214.08333333333331,2.9250000000000003,588.5833333333334,294.0,60.91666666666666
11,15,15.02222222222222,23.700000000000003,67.55555555555556,993.7,208.55555555555557,9.122222222222222,3.6666666666666665,59.44444444444444,59.0
2,20,9.536363636363635,12.79090909090909,69.27272727272727,1006.9363636363636,221.1818181818182,7.0,13.727272727272728,91.36363636363636,87.54545454545455
6,22,15.10625,26.80625,86.4375,1002.89375,28.3125,3.7125,0.0,125.6875,125.6875
10,4,15.95,18.65,56.333333333333336,1004.3666666666668,203.25,4.541666666666667,321.0,253.16666666666663,135.25
12,14,9.144444444444444,11.488888888888887,64.0,989.0444444444444,243.88888888888889,6.699999999999999,187.66666666666663,113.33333333333331,74.33333333333333
3,6,7.933333333333334,10.0,62.25,993.6166666666668,307.25,4.166666666666667,98.91666666666669,191.16666666666663,155.08333333333334
1,5,7.833333333333333,9.077777777777778,67.11111111111111,1024.4444444444443,201.11111111111111,0.6555555555555556,16.333333333333332,78.0,76.55555555555556
9,27,17.26923076923077,24.515384615384612,69.23076923076923,1005.4,238.15384615384616,4.492307692307692,146.23076923076923,169.30769230769232,111.0
8,14,22.886666666666667,37.86,65.2,1003.2733333333332,238.86666666666667,3.2666666666666666,60.66666666666666,259.6666666666667,217.13333333333333
8,5,20.1,26.05625,60.5,997.70625,226.875,4.0375,83.75,281.4375,215.4375
6,4,14.66875,21.81875,68.75,990.11875,255.4375,3.71875,0.0,138.1875,138.1875
11,16,8.100000000000001,12.077777777777778,66.44444444444444,1012.0333333333332,130.0,1.3222222222222222,0.0,58.77777777777778,58.77777777777778
8,3,17.85,24.00625,66.5625,1002.6,275.0,2.64375,18.6875,230.4375,219.3125
8,4,26.2875,26.11875,37.875,1003.225,170.4375,1.53125,262.8125,354.1875,185.1875
4,5,6.735714285714286,11.35,65.0,1005.45,199.64285714285717,4.8500000000000005,1.0,90.71428571428572,90.64285714285714
2,7,6.970000000000001,9.49,65.0,1010.67,159.8,3.14,503.8,237.4,64.4
3,23,7.8076923076923075,9.184615384615386,72.84615384615384,1015.0615384615384,167.0,2.269230769230769,49.38461538461539,217.84615384615384,185.84615384615384
10,19,20.227272727272727,23.73636363636364,52.81818181818182,1008.5272727272728,209.0909090909091,4.581818181818182,553.3636363636364,281.3636363636364,63.27272727272727
5,26,12.34375,18.25625,74.625,1005.29375,264.9375,4.925,11.375,258.6875,250.0
10,15,10.627272727272729,16.263636363636365,60.36363636363637,1008.2818181818184,20.454545454545453,4.363636363636363,83.27272727272727,180.8181818181818,155.27272727272728
11,27,9.011111111111113,17.177777777777777,72.33333333333333,1005.8666666666666,85.66666666666667,1.6333333333333333,168.88888888888889,122.88888888888889,82.44444444444444
3,10,7.858333333333333,15.191666666666668,61.16666666666666,1006.2833333333332,206.16666666666663,5.541666666666667,74.5,191.08333333333331,156.91666666666666
4,8,8.97857142857143,9.228571428571428,49.42857142857143,1012.6642857142858,171.35714285714286,1.342857142857143,238.3571428571429,314.2142857142857,191.14285714285717
12,22,13.8625,26.075,85.75,1006.075,226.25,5.475,4.875,58.125,57.5
9,25,16.83076923076923,26.338461538461537,70.07692307692308,997.046153846154,231.07692307692307,5.130769230769231,6.846153846153846,144.76923076923077,142.23076923076923
2,9,8.78,11.39,72.0,997.31,235.7,8.540000000000001,212.8,190.1,122.3
6,16,27.49411764705882,30.064705882352943,49.70588235294117,1000.8352941176472,163.11764705882354,2.4529411764705884,458.05882352941177,440.4705882352941,113.6470588235294
8,20,27.935714285714287,33.22857142857143,44.71428571428572,994.9285714285714,181.0,3.5785714285714287,181.64285714285717,327.85714285714283,199.7142857142857
7,4,18.4875,27.74375,77.25,999.99375,242.875,3.58125,116.125,302.875,208.9375
2,6,7.88,18.68,87.8,992.44,36.5,3.29,0.0,46.2,46.2
4,24,13.86,19.64,77.2,983.2533333333332,187.26666666666668,6.6866666666666665,101.33333333333331,210.06666666666663,178.33333333333334
12,19,4.733333333333333,7.444444444444445,80.66666666666667,1020.0,44.22222222222222,3.088888888888889,0.0,83.11111111111111,83.11111111111111
10,23,16.572727272727274,20.154545454545453,65.54545454545455,1001.2909090909092,239.9090909090909,3.263636363636364,207.27272727272728,185.63636363636363,108.45454545454544
11,27,11.477777777777778,17.744444444444444,73.33333333333333,980.6111111111112,223.44444444444449,7.0,18.88888888888889,83.0,81.0
5,31,19.2125,20.4125,63.875,1010.8,189.9375,1.7375,338.4375,399.25,207.1875
12,18,8.788888888888888,12.788888888888888,80.55555555555556,1003.1222222222224,150.22222222222223,3.2444444444444445,340.3333333333333,137.77777777777777,54.333333333333336
2,25,9.316666666666666,10.475,58.66666666666666,995.2166666666668,261.0833333333333,6.241666666666667,166.91666666666666,178.58333333333334,122.16666666666669
8,1,25.1625,32.34375,54.0,1005.7875,300.5625,3.025,29.9375,269.9375,253.25
4,27,14.206666666666669,8.746666666666666,37.4,996.8,42.13333333333333,2.333333333333333,673.6666666666666,478.0,76.06666666666666
1,20,9.16,15.18,55.9,988.25,198.8,6.4,151.7,125.4,75.6
11,25,4.366666666666666,10.8,79.77777777777777,1002.577777777778,194.88888888888889,1.7777777777777777,162.0,109.66666666666669,72.77777777777777
3,28,12.428571428571429,16.05,59.21428571428572,1008.9714285714286,66.35714285714286,3.7857142857142856,341.0,329.42857142857144,141.64285714285714
7,16,18.55625,29.8875,66.75,1009.34375,300.875,2.7,0.4375,174.1875,173.9375
11,18,12.755555555555556,15.9,60.333333333333336,1010.6555555555556,185.33333333333331,3.7666666666666666,591.8888888888889,209.88888888888889,42.888888888888886
12,15,6.533333333333333,12.155555555555557,82.44444444444444,1021.9444444444443,79.66666666666667,0.8888888888888888,0.0,55.22222222222222,55.22222222222222
11,16,11.866666666666667,15.555555555555555,65.55555555555556,1008.7,256.0,5.0,22.88888888888889,88.44444444444444,85.55555555555556
6,10,16.83125,18.90625,57.1875,1002.61875,249.0,3.5375,102.25,328.875,251.125
12,2,7.144444444444444,11.022222222222222,77.77777777777777,1006.5111111111112,264.44444444444446,2.1222222222222222,0.0,53.0,53.0
9,9,16.415384615384617,18.67692307692308,48.07692307692308,1004.4307692307692,194.23076923076923,2.3615384615384616,52.69230769230769,246.7692307692308,212.30769230769232
12,9,3.677777777777778,11.81111111111111,83.55555555555556,999.3,206.66666666666663,2.411111111111111,20.22222222222222,63.77777777777778,61.22222222222222
10,28,10.0,16.963636363636365,56.27272727272727,1010.0363636363636,60.36363636363637,3.9818181818181815,269.09090909090907,214.63636363636363,103.27272727272728
6,23,24.16470588235294,28.41764705882353,56.52941176470589,1004.2235294117646,114.58823529411764,3.7588235294117647,272.6470588235294,383.7647058823529,199.8823529411765
2,1,8.690000000000001,15.7,78.3,985.32,298.3,4.04,8.0,65.3,64.4
9,6,17.62142857142857,18.87142857142857,50.285714285714285,1010.2714285714284,295.0,2.257142857142857,120.28571428571428,191.8571428571429,145.5
9,29,15.758333333333333,28.575,82.41666666666667,1007.2083333333334,243.41666666666663,2.4166666666666665,0.0,126.08333333333331,126.08333333333331
2,6,6.56,6.220000000000001,55.9,1019.25,82.6,2.34,640.1,248.9,45.5
10,8,14.4,31.1,83.5,1000.1416666666668,249.08333333333331,3.516666666666667,10.833333333333334,121.91666666666669,120.16666666666669
2,3,11.73,16.11,71.2,987.32,239.5,7.74,57.3,113.0,101.4
7,14,19.8875,28.7875,53.125,1005.83125,295.25,2.6875,31.5625,256.9375,234.875
12,20,11.6,14.6,64.77777777777777,975.6555555555556,230.22222222222223,7.322222222222223,227.0,115.44444444444444,61.888888888888886
3,23,7.346153846153846,2.569230769230769,39.15384615384615,1014.3076923076924,100.0,4.646153846153846,730.6153846153846,414.7692307692308,59.07692307692308
2,26,11.533333333333331,7.591666666666666,60.333333333333336,1016.8666666666668,111.91666666666669,3.0666666666666664,608.25,291.6666666666667,55.16666666666666
5,30,18.44375,15.65625,52.25,1012.1625,59.75,3.9,608.625,503.25,102.1875
10,6,14.576923076923077,14.1,59.30769230769231,1010.6076923076924,281.0769230769231,5.484615384615385,313.2307692307692,246.53846153846155,136.84615384615384
2,23,12.7,22.509090909090908,76.54545454545455,1012.8818181818184,242.63636363636363,7.445454545454546,0.0,72.72727272727273,72.72727272727273
2,2,3.4799999999999995,10.16,88.1,986.26,333.5,7.040000000000001,0.0,87.2,87.2
11,23,6.011111111111111,8.61111111111111,55.44444444444444,1017.3666666666666,49.0,4.766666666666667,618.4444444444445,201.88888888888889,34.888888888888886
5,10,19.773333333333333,28.626666666666665,64.66666666666667,993.4933333333332,160.4,1.88,26.4,231.6,217.6
11,28,4.477777777777778,10.011111111111113,76.77777777777777,991.2444444444444,321.1111111111111,6.366666666666666,39.55555555555556,92.55555555555556,83.22222222222223
9,1,19.557142857142857,18.464285714285715,58.71428571428572,1014.7571428571428,41.142857142857146,4.714285714285714,331.92857142857144,356.2142857142857,161.42857142857142
11,5,9.072727272727272,7.0,59.27272727272727,1025.1272727272726,49.36363636363637,3.8181818181818175,558.9090909090909,222.9090909090909,42.81818181818182
5,20,13.43125,15.60625,62.25,1008.74375,206.8125,4.6125,106.0,285.9375,244.125
7,26,19.60625,30.80625,74.125,1001.4875,252.5625,3.4125,42.8125,248.0625,220.0625
12,12,9.211111111111112,16.633333333333333,82.0,989.1111111111112,284.8888888888889,3.788888888888889,0.0,61.333333333333336,61.333333333333336
5,31,19.85,15.34375,40.875,1008.0125,74.0625,4.50625,626.3125,508.0,100.0
7,30,20.1625,22.89375,53.1875,999.23125,238.6875,5.6875,231.1875,354.3125,209.4375
3,12,9.266666666666667,12.475,62.333333333333336,1000.4416666666666,240.25,7.125,143.0,208.83333333333331,158.5
1,13,8.325,14.2625,84.75,1005.925,193.125,5.2,6.375,73.25,72.5
4,29,10.98,11.446666666666664,66.66666666666667,1009.4133333333334,37.66666666666666,2.2333333333333334,155.8,335.8666666666667,264.46666666666664
4,17,20.085714285714285,23.87857142857143,53.785714285714285,1002.3785714285714,171.0,2.757142857142857,257.85714285714283,355.35714285714283,194.14285714285717
11,26,11.522222222222222,18.6,81.11111111111111,992.0222222222224,197.44444444444449,5.433333333333334,11.666666666666666,85.0,83.33333333333333
1,14,9.6875,23.6375,74.5,998.4625,206.125,8.7625,0.0,90.0,90.0
6,9,22.90625,23.61875,51.875,1011.0375,217.9375,1.70625,426.25,467.25,173.375
6,11,19.0625,22.31875,51.5,996.54375,102.75,3.3,189.625,387.3125,246.125
10,17,10.5,13.409090909090908,69.27272727272727,1009.6636363636364,30.0,1.6,10.545454545454543,115.27272727272728,112.63636363636364
5,12,11.31875,8.0125,42.125,1006.80625,50.375,3.9375,386.5625,407.5,171.6875
9,13,23.200000000000003,16.138461538461538,32.84615384615385,1014.1692307692308,105.3846153846154,1.2538461538461538,597.8461538461538,403.38461538461536,90.46153846153848
7,8,19.31875,23.0625,58.625,1010.31875,270.6875,2.90625,253.25,358.9375,203.375
6,13,19.725,22.325,54.8125,999.05,177.9375,4.10625,262.6875,383.1875,229.75
12,19,12.322222222222225,23.155555555555555,74.55555555555556,993.4888888888888,171.66666666666666,5.311111111111111,14.666666666666666,66.77777777777777,65.0
9,7,26.27142857142857,23.27857142857143,36.642857142857146,1008.6428571428572,92.0,4.085714285714286,588.2857142857143,399.6428571428572,79.0
4,28,15.626666666666669,17.746666666666666,62.2,994.4666666666668,233.0,5.753333333333333,34.13333333333333,230.46666666666667,209.0
1,21,8.23,13.2,70.1,984.54,212.0,6.970000000000001,0.0,62.5,62.5
12,7,9.455555555555556,11.377777777777778,74.0,1007.0444444444444,242.77777777777777,2.7333333333333334,87.22222222222223,111.0,86.44444444444444
7,18,24.175,19.025,45.0,1007.925,318.5625,2.05625,581.0,484.5,114.8125
1,25,3.22,13.82,93.8,1001.48,229.9,2.41,17.9,80.5,74.2
6,6,17.36470588235294,20.352941176470587,61.8235294117647,1013.3941176470588,227.1764705882353,2.2411764705882358,368.2352941176471,415.2941176470589,190.41176470588235
4,12,8.014285714285714,8.321428571428571,49.5,1017.7571428571428,298.0,3.3857142857142857,328.0,364.2857142857143,179.5
4,3,8.835714285714285,8.071428571428571,52.57142857142857,1015.4714285714286,38.0,5.607142857142857,303.7142857142857,285.5,127.92857142857144
9,19,16.576923076923077,15.876923076923076,45.53846153846154,1016.6692307692308,53.0,5.0,654.3846153846154,387.61538461538464,60.92307692307692
8,18,23.635714285714283,27.557142857142857,49.71428571428572,1000.6857142857144,234.57142857142856,2.835714285714286,332.7857142857143,399.5,192.0
10,4,13.008333333333333,16.033333333333335,63.333333333333336,983.0416666666666,212.33333333333331,6.55,63.583333333333336,181.75,160.0
10,11,14.47272727272727,17.027272727272727,61.18181818181818,1017.5363636363636,7.090909090909091,3.209090909090909,171.0909090909091,234.63636363636363,178.63636363636363
1,31,-0.73,6.35,92.0,977.95,132.4,4.92,17.1,112.7,109.4
3,7,6.141666666666667,4.3,41.583333333333336,1012.5583333333334,32.083333333333336,2.566666666666667,660.1666666666666,345.9166666666667,61.083333333333336
6,30,19.3625,31.075,64.75,1001.6625,224.5625,4.66875,56.4375,259.9375,233.5
9,1,20.05,17.435714285714287,45.142857142857146,1006.9357142857144,315.85714285714283,3.0357142857142856,234.5,332.92857142857144,187.0
5,2,11.742857142857144,16.70714285714286,72.85714285714286,999.157142857143,306.5,4.8500000000000005,30.5,197.5,183.0
11,22,8.755555555555555,11.911111111111111,68.55555555555556,988.5222222222224,137.44444444444446,4.555555555555555,460.0,189.88888888888889,58.333333333333336
1,8,10.6875,28.7125,93.25,1015.325,217.25,3.15,0.0,58.0,58.0
10,7,14.916666666666666,19.216666666666665,62.083333333333336,1006.6416666666668,267.75,4.483333333333333,174.33333333333334,238.66666666666663,161.75
8,27,21.90714285714285,25.1,49.0,1002.9285714285714,194.14285714285717,3.7857142857142856,309.57142857142856,349.2857142857143,131.42857142857142
5,7,11.746666666666666,13.293333333333331,51.73333333333333,1000.66,154.73333333333332,3.773333333333333,254.7333333333333,397.2,230.33333333333331
3,12,10.791666666666666,11.883333333333333,56.333333333333336,1005.8916666666668,266.8333333333333,5.258333333333334,199.16666666666663,234.0,152.91666666666666
6,20,20.46470588235294,27.96470588235294,68.94117647058823,996.9294117647058,170.58823529411765,2.317647058823529,234.94117647058823,350.3529411764706,193.58823529411765
3,31,7.814285714285715,7.25,57.35714285714285,1015.1357142857142,55.85714285714285,4.557142857142857,489.2142857142857,369.1428571428572,133.85714285714286
6,24,26.21764705882353,20.24117647058824,45.70588235294117,1007.2647058823528,94.3529411764706,3.888235294117647,631.5294117647059,491.2352941176471,80.11764705882354
3,20,7.041666666666667,8.883333333333333,53.833333333333336,1017.8666666666668,14.166666666666666,3.633333333333333,447.8333333333333,352.3333333333333,135.0
8,31,17.12142857142857,14.821428571428571,50.785714285714285,1009.4785714285716,337.7142857142857,2.892857142857143,258.0,314.92857142857144,200.92857142857144
11,21,7.611111111111111,16.0,84.88888888888889,1003.077777777778,200.77777777777777,1.822222222222222,0.0,61.0,61.0
9,9,23.564285714285717,33.864285714285714,59.142857142857146,1000.2357142857144,224.7142857142857,3.521428571428572,81.35714285714286,231.78571428571428,184.28571428571428
9,12,20.52142857142857,30.071428571428573,67.85714285714286,1019.842857142857,285.7142857142857,1.8571428571428568,0.5714285714285714,173.57142857142858,173.5
12,1,7.788888888888888,11.322222222222225,68.22222222222223,1010.0888888888888,336.44444444444446,5.333333333333333,78.88888888888889,89.0,73.55555555555556
3,19,7.7,9.95,67.66666666666667,1014.3833333333332,284.0833333333333,1.0166666666666666,258.0,278.25,187.08333333333331
7,11,20.05,24.825,61.125,1005.05,186.6875,1.2875,53.9375,307.125,269.75
8,15,24.69333333333333,28.473333333333336,54.86666666666667,1003.4533333333331,297.4,1.36,178.8,309.26666666666665,202.8
6,27,27.5125,27.825,61.875,1011.69375,51.3125,4.875,520.1875,488.3125,133.875
1,19,6.09,14.37,78.2,1003.79,218.1,5.58,0.0,64.8,64.8
1,27,9.1,16.72,80.2,995.94,208.0,6.32,0.0,60.6,60.6
11,2,13.78181818181818,18.818181818181817,68.36363636363636,982.7363636363636,224.72727272727272,7.518181818181818,32.18181818181818,125.9090909090909,117.27272727272728
3,24,7.776923076923077,9.784615384615384,76.46153846153847,1012.9384615384616,113.07692307692308,3.1769230769230767,26.615384615384617,150.07692307692307,143.84615384615384
3,18,6.191666666666666,13.666666666666666,75.75,1014.2333333333332,264.0833333333333,3.45,0.25,149.58333333333334,149.5
10,20,18.8,24.00909090909091,65.45454545454545,997.7363636363636,214.45454545454547,7.054545454545454,2.909090909090909,102.1818181818182,101.36363636363636
10,8,17.327272727272728,23.845454545454547,67.27272727272727,1007.3454545454543,232.3636363636364,6.054545454545454,29.0,177.45454545454547,168.63636363636363
1,23,1.15,7.93,92.4,982.33,336.4,5.86,0.0,43.7,43.7
6,4,16.8625,32.9125,90.3125,1010.0,316.5625,2.50625,24.4375,234.1875,219.375
12,25,8.71111111111111,9.466666666666669,68.55555555555556,1013.811111111111,291.0,2.033333333333333,215.11111111111111,122.0,71.11111111111111
8,20,22.178571428571427,27.25714285714286,51.142857142857146,1006.4,120.42857142857144,1.2428571428571429,131.21428571428572,301.85714285714283,225.3571428571429
10,8,16.25,16.083333333333332,55.75,1016.6166666666668,48.0,3.4,584.3333333333334,312.8333333333333,70.08333333333333
4,30,12.153333333333334,14.693333333333332,64.0,1007.56,19.066666666666663,3.2666666666666666,581.3333333333334,465.8666666666667,104.86666666666666
1,6,5.133333333333334,9.81111111111111,71.44444444444444,1014.1222222222224,178.44444444444446,3.7222222222222223,546.7777777777778,167.77777777777777,35.77777777777778
1,27,5.33,11.24,86.1,977.91,281.6,8.47,0.0,46.2,46.2
10,17,14.018181818181818,12.7,44.72727272727273,1008.5727272727272,123.63636363636364,2.3181818181818183,289.27272727272725,246.45454545454547,136.0
6,19,22.56875,28.8125,56.875,998.025,233.9375,5.15625,155.9375,348.625,239.875
2,8,7.85,19.14,84.1,1009.53,204.1,3.74,0.3,71.4,71.4
5,14,10.0375,15.8625,87.4375,997.8125,242.375,3.3,12.75,213.0,206.375
8,5,23.2875,31.95625,52.75,1002.55625,248.125,3.1375,192.5,344.9375,220.375
4,1,8.928571428571429,6.721428571428571,38.285714285714285,1009.3714285714286,42.71428571428572,2.692857142857143,662.0714285714286,412.0,67.5
3,21,10.058333333333334,13.358333333333334,68.5,1018.3083333333334,25.25,2.033333333333333,656.9166666666666,400.6666666666667,80.16666666666667
2,24,15.008333333333333,13.925,66.66666666666667,1017.425,180.16666666666663,3.6666666666666665,423.6666666666667,253.58333333333331,81.83333333333333
4,25,17.226666666666667,16.573333333333334,38.6,1000.9666666666668,35.53333333333333,3.36,157.8,334.06666666666666,227.33333333333331
10,23,13.0,11.772727272727272,53.45454545454545,1016.0,166.72727272727272,1.481818181818182,93.54545454545456,155.36363636363637,117.0909090909091
8,9,33.00625,32.80625,30.75,1003.33125,133.875,2.01875,412.9375,407.625,119.6875
1,30,8.89,24.35,91.9,998.68,201.9,5.07,0.0,85.9,85.9
12,16,9.125,20.875,91.0,992.5625,135.75,1.575,37.625,90.25,84.625
5,31,19.29375,13.73125,48.5,1007.8125,82.5,4.175,714.375,522.75,73.8125
7,1,17.95625,23.9875,66.9375,1007.78125,303.375,2.4625,126.5625,330.1875,256.0625
11,13,8.266666666666667,12.677777777777775,71.88888888888889,993.1444444444444,242.66666666666663,3.566666666666667,171.44444444444446,173.66666666666666,118.88888888888889
5,17,16.74375,18.53125,44.5,1014.1375,137.25,1.94375,616.1875,485.1875,97.6875
3,27,8.853846153846153,10.984615384615385,59.23076923076923,1015.6615384615384,255.07692307692307,4.769230769230769,311.53846153846155,321.53846153846155,170.92307692307693
1,15,2.02,6.32,69.5,1016.45,17.3,4.17,172.2,124.6,69.8
11,27,2.977777777777778,10.166666666666666,91.44444444444444,977.8555555555556,187.55555555555557,4.133333333333334,14.666666666666666,79.33333333333333,76.66666666666667
4,12,8.128571428571428,7.185714285714285,53.57142857142857,1007.342857142857,25.571428571428573,4.192857142857142,382.6428571428572,382.1428571428572,168.42857142857142
9,16,26.653846153846157,25.107692307692307,42.15384615384615,1008.6692307692308,140.23076923076923,2.5923076923076924,475.6923076923077,366.1538461538461,112.53846153846152
9,12,20.314285714285717,18.04285714285714,47.85714285714285,1007.5285714285714,189.2142857142857,1.0357142857142858,250.78571428571428,305.2857142857143,181.78571428571428
9,23,20.1,27.861538461538466,61.46153846153846,995.0846153846154,211.69230769230768,5.223076923076923,1.0769230769230769,156.6153846153846,156.15384615384616
10,6,15.916666666666666,18.491666666666667,64.08333333333333,1001.9583333333334,263.0833333333333,5.666666666666667,224.41666666666663,246.25,149.08333333333334
11,2,10.6,13.254545454545456,67.18181818181819,990.1727272727272,225.0,3.727272727272727,303.72727272727275,198.27272727272728,98.0909090909091
11,8,9.727272727272728,13.336363636363636,67.0909090909091,1013.3,330.90909090909093,1.4545454545454546,329.27272727272725,185.9090909090909,76.54545454545455
3,14,8.924999999999999,14.716666666666669,75.5,1008.075,204.25,4.308333333333333,60.66666666666666,178.91666666666666,149.08333333333334
3,2,7.399999999999999,13.583333333333334,78.58333333333333,978.65,264.25,4.375,30.416666666666668,131.91666666666666,123.16666666666669
5,6,8.92,8.773333333333333,56.2,1008.0333333333332,297.06666666666666,2.553333333333333,200.13333333333333,307.8666666666667,216.46666666666667
10,12,13.654545454545454,18.90909090909091,63.36363636363637,1013.1545454545457,314.0,2.9909090909090907,170.8181818181818,215.27272727272728,156.27272727272728
12,15,9.444444444444445,10.066666666666666,61.888888888888886,993.9666666666668,232.66666666666663,5.022222222222222,95.22222222222224,113.55555555555556,90.44444444444444
1,20,4.62,7.9,71.4,1034.2,41.9,3.95,503.1,178.6,44.3
8,26,18.192857142857143,21.914285714285715,62.142857142857146,1007.5214285714284,203.3571428571429,4.121428571428572,32.642857142857146,237.5,221.14285714285717
6,8,20.788235294117644,21.288235294117644,55.70588235294117,1011.9764705882352,252.23529411764707,2.323529411764706,315.0,412.11764705882354,205.8823529411765
6,10,22.25,30.025,63.5625,1010.3625,225.875,1.60625,429.3125,459.625,152.6875
10,16,11.2,16.054545454545455,62.27272727272727,1010.4636363636364,19.90909090909091,3.0545454545454547,83.0,167.36363636363637,129.72727272727272
5,15,11.5625,15.45625,81.3125,993.39375,227.0,5.1,119.8125,264.25,181.125
6,29,17.99375,15.50625,52.6875,1005.025,262.5625,4.6875,337.75,422.625,241.5625
8,7,18.8875,24.26875,61.8125,992.525,224.5625,5.55625,104.125,249.125,187.9375
12,14,10.233333333333333,20.23333333333333,80.0,995.9444444444443,189.22222222222223,3.644444444444444,26.666666666666668,81.77777777777777,73.77777777777777
6,5,14.0125,26.6875,76.3125,998.1,272.625,2.99375,0.0,114.0,114.0
7,3,18.447058823529414,20.458823529411767,57.88235294117647,1009.364705882353,260.05882352941177,3.294117647058824,198.35294117647055,329.7647058823529,237.35294117647055
10,26,11.890909090909092,13.545454545454543,61.81818181818182,993.6636363636364,233.54545454545453,5.781818181818182,393.0,226.8181818181818,92.0
1,1,1.9,8.233333333333333,80.11111111111111,999.7888888888888,21.11111111111111,1.1666666666666667,124.22222222222224,97.44444444444444,75.0
5,29,18.0625,21.15,54.5625,1012.4,64.0625,3.18125,379.75,445.875,152.875
8,12,19.64375,21.09375,50.5625,1005.475,247.0625,4.01875,201.875,288.125,190.0625
9,5,25.035714285714285,31.571428571428573,53.35714285714285,1007.6142857142858,85.92857142857143,1.6642857142857144,253.2142857142857,322.85714285714283,165.07142857142858
10,17,14.490909090909092,20.227272727272727,76.27272727272727,999.5545454545456,199.8181818181818,2.8363636363636364,123.0,165.45454545454547,128.63636363636363
8,23,19.86428571428572,28.607142857142858,65.71428571428571,1012.7071428571428,107.35714285714286,4.071428571428571,10.928571428571429,179.92857142857142,173.28571428571428
8,22,22.946666666666665,14.46,31.0,1014.4,15.533333333333331,1.82,592.5333333333333,438.6666666666667,93.0
8,11,23.3,24.28666666666667,53.266666666666666,1008.5133333333334,161.53333333333333,0.8,334.93333333333334,400.8666666666667,178.66666666666666
11,29,4.322222222222222,8.266666666666667,69.77777777777777,1003.6,307.6666666666667,2.9444444444444446,477.1111111111111,175.66666666666666,51.44444444444444
8,16,24.07333333333333,29.526666666666664,53.0,999.5666666666668,184.46666666666667,2.6933333333333334,199.7333333333333,284.93333333333334,165.26666666666668
5,19,11.40625,14.9625,77.0,1008.4625,276.0,4.6875,216.5,324.625,202.625
3,3,13.65,17.316666666666666,60.833333333333336,1016.8416666666668,218.83333333333331,1.8583333333333332,103.41666666666669,196.25,146.66666666666666
12,10,7.322222222222223,10.233333333333333,68.33333333333333,987.1444444444444,302.8888888888889,7.1,149.0,119.66666666666669,78.88888888888889
5,22,16.1875,14.6,59.8125,1005.575,193.625,1.2,218.9375,395.5,248.5625
11,14,6.56,9.05,70.0,987.6,166.6,3.01,62.3,132.5,117.0
6,20,18.68125,20.75,58.5625,1004.13125,293.0,3.54375,112.3125,311.0,256.6875
5,7,11.466666666666669,8.733333333333333,49.4,1006.5066666666668,267.26666666666665,2.3466666666666667,497.3333333333333,461.6,150.93333333333334
9,28,17.192307692307693,20.5,59.23076923076923,1005.1153846153846,236.23076923076923,5.676923076923076,115.23076923076924,227.69230769230768,184.7692307692308
4,1,13.792857142857144,12.821428571428571,58.71428571428572,1001.0285714285714,93.71428571428572,3.1214285714285714,464.1428571428572,373.57142857142856,118.07142857142856
10,15,14.6,19.79090909090909,53.81818181818182,1008.7909090909092,337.1818181818182,1.009090909090909,333.72727272727275,267.3636363636364,125.45454545454544
1,7,2.1444444444444444,9.011111111111113,88.66666666666667,1005.7444444444444,294.8888888888889,1.4444444444444444,29.22222222222222,56.66666666666666,53.333333333333336
2,12,-0.73,5.78,42.7,1013.57,68.4,5.43,298.5,225.7,123.6
4,27,19.246666666666663,22.346666666666668,50.06666666666667,996.5133333333334,202.8,2.6333333333333333,249.6,325.6,171.0
9,4,19.857142857142858,21.842857142857145,49.71428571428572,1007.5428571428572,259.1428571428572,4.021428571428571,403.1428571428572,333.92857142857144,126.07142857142856
9,11,19.728571428571428,27.62142857142857,48.71428571428572,1013.9142857142856,262.85714285714283,3.0,381.57142857142856,332.85714285714283,114.35714285714286
6,14,19.3375,24.275,60.875,1001.96875,240.125,2.2125,278.75,394.5625,212.25
5,23,16.55625,14.95,45.25,1016.65625,277.125,4.85625,171.8125,331.625,226.3125
2,5,3.85,8.129999999999999,79.4,1012.6,176.1,3.06,375.0,201.5,76.2
10,7,15.058333333333335,23.666666666666668,63.5,1007.4333333333334,265.4166666666667,3.2583333333333333,177.41666666666666,231.0,163.25
9,21,16.592307692307692,15.092307692307692,53.61538461538461,1017.2692307692308,43.61538461538461,3.507692307692308,302.53846153846155,289.61538461538464,150.84615384615384
3,25,7.885714285714286,3.571428571428572,35.92857142857143,1010.65,57.5,3.75,671.2142857142857,392.3571428571428,60.35714285714285
3,14,9.016666666666667,10.416666666666666,59.333333333333336,1006.3916666666668,294.1666666666667,6.258333333333333,89.83333333333333,222.91666666666663,188.25
8,5,25.34375,20.2,28.875,1004.98125,201.75,2.4875,630.5,459.5625,72.75
9,11,23.32307692307692,23.41538461538461,48.23076923076923,1005.7615384615384,211.69230769230768,1.4230769230769231,331.6923076923077,357.3076923076923,171.69230769230768
10,16,14.28181818181818,29.145454545454548,73.9090909090909,998.318181818182,205.63636363636363,7.163636363636363,14.454545454545457,155.0909090909091,147.63636363636363
2,10,7.63,13.14,84.2,984.65,253.5,10.98,63.9,112.3,87.3
11,29,6.300000000000001,9.022222222222222,61.55555555555556,1011.8555555555556,48.0,2.9222222222222225,95.33333333333331,84.66666666666667,68.44444444444444
2,19,9.49,17.72,81.9,1004.06,177.6,3.53,83.2,169.6,150.0
9,17,22.307692307692307,21.200000000000003,47.76923076923077,1011.5,41.30769230769231,4.884615384615385,523.7692307692307,372.2307692307692,98.23076923076924
11,8,8.072727272727272,10.509090909090908,68.63636363636364,994.2454545454548,101.72727272727272,1.5,326.90909090909093,185.1818181818182,76.54545454545455
4,15,13.571428571428571,7.314285714285714,40.0,1009.2285714285716,89.28571428571429,3.928571428571429,749.7142857142857,478.1428571428572,61.92857142857143
8,23,23.946666666666665,15.673333333333334,37.73333333333333,1012.38,60.93333333333333,2.4733333333333336,582.3333333333334,432.4666666666666,90.4
1,3,2.7375,8.875,82.0,1002.9625,38.25,2.525,30.125,78.5,74.25
3,26,7.557142857142857,6.035714285714286,38.92857142857143,1006.6785714285714,56.07142857142857,4.678571428571429,600.6428571428571,379.8571428571428,75.28571428571429
7,6,17.09375,14.675,52.9375,1010.575,299.4375,4.1875,400.375,427.9375,212.0
4,12,20.4,16.985714285714288,39.57142857142857,1003.8142857142856,168.5,2.257142857142857,315.5,297.85714285714283,131.92857142857142
3,28,11.8,11.723076923076924,52.92307692307692,1018.3538461538462,221.3846153846154,3.869230769230769,593.6923076923077,399.0,87.38461538461539
4,8,12.55,13.257142857142856,59.85714285714285,996.2785714285714,242.28571428571428,2.185714285714285,69.64285714285714,290.6428571428572,248.0
4,10,20.75,14.207142857142856,38.0,1011.5571428571428,92.92857142857144,2.3857142857142857,479.2857142857143,408.1428571428572,140.78571428571428
6,9,15.3875,15.775,57.0,1007.46875,180.5625,3.64375,42.5,253.375,230.875
6,6,16.725,15.35,52.5,1002.31875,189.5,3.10625,337.1875,432.3125,200.25
8,16,19.313333333333333,24.966666666666665,58.06666666666667,1006.46,286.93333333333334,4.786666666666666,74.0,238.9333333333333,201.86666666666667
5,21,15.4875,17.4375,67.9375,1002.4125,336.0625,3.925,172.75,279.0625,181.0625
10,11,16.958333333333332,21.241666666666667,61.333333333333336,1004.2333333333332,211.66666666666663,4.95,229.25,232.08333333333331,137.41666666666666
2,11,7.92,9.04,54.3,1004.35,266.4,8.09,222.4,192.2,118.0
3,2,9.316666666666666,15.5,83.25,1001.4,241.08333333333331,5.925,23.33333333333333,114.0,110.5
8,28,25.792857142857144,35.69285714285714,51.0,1004.8357142857144,238.28571428571428,3.2214285714285715,172.5,328.42857142857144,224.42857142857144
6,3,21.8125,30.5375,66.1875,1008.26875,238.125,1.2,72.6875,325.5,274.4375
2,11,5.82,8.59,82.4,1008.67,311.3,5.16,42.5,122.5,114.7
1,10,8.27,10.88,68.4,1013.54,321.5,4.09,15.9,82.9,80.1
6,22,20.541176470588237,16.764705882352942,46.47058823529412,1015.1882352941176,220.05882352941177,1.623529411764706,618.0,492.7647058823529,86.6470588235294
12,1,3.311111111111112,13.466666666666669,80.22222222222223,1004.8777777777776,19.444444444444443,3.855555555555556,3.333333333333333,76.77777777777777,76.33333333333333
2,3,12.69,22.14,73.5,1007.63,243.7,4.65,0.0,77.5,77.5
11,13,11.54,17.119999999999997,81.6,1004.8,280.4,3.29,7.6,80.0,78.5
8,22,19.7,23.107142857142858,57.285714285714285,1009.3285714285714,284.07142857142856,4.435714285714286,161.85714285714286,307.1428571428572,232.14285714285717
3,25,11.45,12.5,63.66666666666666,1010.9166666666666,264.1666666666667,2.3916666666666666,157.0,218.75,157.08333333333334
9,11,20.178571428571427,19.957142857142856,54.0,1008.1714285714286,262.7142857142857,2.435714285714286,280.35714285714283,282.0,160.14285714285714
8,28,19.75714285714286,19.52142857142857,51.71428571428572,992.85,237.78571428571428,5.292857142857143,128.85714285714286,252.64285714285717,173.85714285714286
5,14,11.475,8.69375,48.5,1005.5125,40.8125,5.88125,614.8125,489.8125,100.25
2,3,3.51,6.2,73.6,1008.58,346.6,5.26,527.3,226.8,61.3
3,30,5.678571428571429,4.485714285714286,35.5,1017.0071428571428,43.0,6.6000000000000005,688.8571428571429,412.4285714285714,57.07142857142857
7,1,21.61875,29.4125,65.0625,998.76875,240.5,4.6375,74.75,221.875,190.6875
12,4,3.6333333333333337,7.51111111111111,63.22222222222222,1008.8,96.0,1.477777777777778,541.7777777777778,173.22222222222223,39.0
5,5,8.106666666666666,8.806666666666667,62.53333333333333,1007.8933333333332,215.0,6.2733333333333325,175.0,316.2,230.33333333333331
4,30,11.257142857142856,11.55,45.85714285714285,1002.0857142857144,80.0,2.0285714285714285,108.5,265.5,211.42857142857144
11,14,13.933333333333334,17.344444444444445,71.66666666666667,1004.2,187.77777777777777,4.566666666666666,336.0,184.33333333333331,72.11111111111111
2,4,8.11,9.13,55.9,1012.18,303.3,7.38,105.3,156.1,123.3
5,24,16.46875,18.9625,55.9375,1021.78125,306.375,3.325,349.4375,424.3125,214.25
8,14,25.026666666666664,18.39333333333333,38.0,1009.7866666666666,22.8,1.6133333333333333,639.2666666666667,465.8,83.13333333333334
7,31,20.35,21.13125,47.875,1007.20625,254.0,3.675,166.9375,309.9375,228.9375
8,7,30.64375,22.99375,33.25,1006.8875,98.6875,2.35,622.125,450.0,72.1875
3,18,14.116666666666667,14.4,64.25,1016.5666666666666,221.16666666666663,1.225,177.08333333333334,253.16666666666663,181.66666666666663
3,9,9.133333333333333,11.508333333333333,61.75,1006.9666666666668,274.0,4.558333333333334,290.4166666666667,276.9166666666667,143.75
8,8,17.96875,19.60625,54.5625,1001.9125,238.25,5.05,168.6875,322.4375,206.125
5,26,21.0625,17.3375,45.875,1022.8375,40.875,3.69375,643.75,504.875,92.5625
12,13,7.955555555555555,10.444444444444445,62.44444444444444,975.811111111111,280.55555555555554,8.577777777777778,172.0,115.88888888888889,72.0
12,8,5.811111111111111,9.31111111111111,73.0,988.1,226.44444444444449,4.088888888888889,320.22222222222223,139.0,59.0
7,22,24.94375,21.41875,47.875,1009.88125,45.5625,3.49375,527.875,474.5625,121.125
1,9,3.966666666666667,7.655555555555556,73.55555555555556,1008.4444444444443,345.8888888888889,7.199999999999999,20.55555555555556,74.44444444444444,69.44444444444444
6,18,22.725,32.01875,67.5,1000.74375,197.1875,5.275,198.1875,378.875,245.25
12,3,4.6,10.966666666666669,78.55555555555556,1017.0333333333332,45.55555555555556,1.6,149.33333333333334,124.0,92.33333333333331
9,23,18.37692307692308,20.084615384615383,55.69230769230769,1004.9230769230768,219.92307692307693,3.615384615384616,337.9230769230769,309.0,141.69230769230768
11,4,12.854545454545455,15.672727272727274,64.0909090909091,978.4272727272728,230.0,6.145454545454545,205.27272727272728,168.45454545454547,106.45454545454544
1,6,2.6875,10.0625,90.5,1005.2375,92.375,1.8,0.875,34.5,34.375
12,25,5.022222222222222,8.61111111111111,72.77777777777777,1016.2333333333332,348.6666666666667,4.588888888888889,0.0,57.44444444444444,57.44444444444444
12,10,4.844444444444444,14.766666666666667,75.33333333333333,991.9333333333332,135.77777777777777,3.655555555555555,103.77777777777776,99.55555555555556,67.55555555555556
7,5,25.458823529411767,15.3,34.35294117647059,1007.0588235294116,58.76470588235294,2.0294117647058822,650.7647058823529,495.7647058823529,71.94117647058823
7,19,25.11875,24.3125,52.5625,1009.20625,44.5625,3.80625,578.25,480.1875,107.6875
12,31,4.888888888888889,6.533333333333333,52.333333333333336,1020.811111111111,145.88888888888889,1.3111111111111111,485.8888888888889,158.11111111111111,40.44444444444444
3,28,9.6,13.435714285714283,66.42857142857143,1018.9928571428572,39.85714285714285,3.25,344.5,326.07142857142856,158.42857142857142
1,26,7.19,10.69,91.2,996.1,240.6,6.48,0.5,78.0,77.9
8,19,19.2,17.273333333333333,53.0,1007.1666666666666,261.3333333333333,3.673333333333333,498.4,423.4666666666666,126.73333333333332
5,3,13.886666666666663,22.22,74.0,1005.6266666666668,204.13333333333333,2.533333333333333,48.53333333333333,212.66666666666663,180.46666666666667
6,7,15.30625,21.48125,63.75,995.01875,179.8125,7.66875,37.1875,216.1875,190.625
5,23,13.38125,13.8875,60.625,1004.03125,216.3125,4.96875,236.375,362.9375,229.5
10,9,14.658333333333331,17.933333333333334,58.91666666666666,1000.375,245.83333333333331,6.508333333333333,181.58333333333331,224.0,142.33333333333334
12,16,7.388888888888889,10.444444444444445,81.0,1025.8666666666666,27.444444444444443,1.6444444444444446,1.7777777777777777,49.0,48.888888888888886
3,15,9.891666666666667,18.78333333333333,85.08333333333333,1000.675,259.6666666666667,9.666666666666666,0.0,95.16666666666669,95.16666666666669
6,2,24.60625,20.55,43.4375,1004.89375,67.4375,1.5875,586.75,502.4375,106.75
1,14,9.34,18.8,85.0,1004.18,259.0,5.51,9.9,52.0,51.0
8,13,24.87333333333333,37.406666666666666,56.13333333333333,1001.6933333333332,208.66666666666663,3.14,171.0,317.6666666666667,197.26666666666668
8,21,25.821428571428573,28.321428571428573,43.71428571428572,1000.1,229.2142857142857,5.571428571428571,366.7857142857143,387.7142857142857,175.71428571428572
4,17,10.021428571428572,12.471428571428572,50.785714285714285,1013.2142857142856,18.428571428571427,4.421428571428572,480.6428571428572,422.57142857142856,152.07142857142858
7,20,25.0375,22.85,50.6875,1008.78125,59.625,3.15,571.75,482.0625,106.8125
7,13,16.3125,33.25,93.0625,1000.89375,315.875,2.6625,0.0,89.125,89.125
9,28,14.276923076923076,28.923076923076923,70.6923076923077,1001.546153846154,310.15384615384613,4.553846153846154,20.923076923076923,86.07692307692308,82.61538461538461
9,16,23.03846153846154,18.453846153846158,35.38461538461539,1010.2,329.9230769230769,2.0,509.84615384615387,377.61538461538464,108.15384615384616
6,17,18.725,21.55625,58.375,1001.46875,213.1875,2.3375,26.4375,277.375,267.1875
5,18,14.24375,21.93125,73.5625,990.36875,167.6875,1.7125,4.0,194.9375,192.875
9,18,16.384615384615383,16.492307692307694,44.0,1014.3615384615384,43.92307692307692,5.1,660.8461538461538,392.0,60.15384615384615
3,29,6.735714285714286,6.342857142857143,43.42857142857143,1016.8357142857144,25.071428571428573,7.707142857142857,97.71428571428572,202.2142857142857,161.14285714285714
8,28,17.87142857142857,23.264285714285712,66.21428571428571,1010.6,205.7142857142857,3.9785714285714286,114.57142857142856,289.0,231.78571428571428
12,9,9.433333333333334,11.922222222222222,63.11111111111112,997.9,305.55555555555554,8.399999999999999,71.22222222222223,102.44444444444444,86.0
2,15,8.818181818181818,6.5181818181818185,65.9090909090909,1014.0454545454544,154.54545454545453,3.2181818181818183,613.7272727272727,265.0,51.36363636363637
3,22,8.461538461538462,10.961538461538462,56.23076923076923,1010.1384615384616,76.92307692307692,5.738461538461538,97.15384615384616,232.84615384615384,198.84615384615384
1,10,2.177777777777778,9.244444444444444,80.55555555555556,1012.5555555555557,13.77777777777778,3.7777777777777777,17.88888888888889,95.0,93.44444444444444
9,5,18.357142857142858,20.37142857142857,55.85714285714285,1010.6,315.57142857142856,3.271428571428572,42.42857142857143,224.28571428571428,201.2142857142857
8,18,18.293333333333333,29.80666666666667,71.66666666666667,1008.18,275.3333333333333,2.806666666666666,1.0,194.4,193.6
5,8,13.02,18.086666666666662,76.06666666666666,984.4133333333334,212.13333333333333,7.026666666666667,67.8,163.66666666666666,139.13333333333333
8,6,21.08125,35.24375,68.6875,1000.74375,248.25,2.79375,8.125,159.625,157.0625
8,6,19.2,22.7375,64.0,995.39375,225.0625,5.7125,54.0625,239.5,204.375
12,6,5.055555555555555,22.25555555555556,82.22222222222223,1004.9666666666668,217.0,6.0,1.5555555555555556,60.333333333333336,60.11111111111112
9,6,18.12142857142857,16.82857142857143,37.785714285714285,1013.9571428571428,310.2857142857143,2.378571428571429,505.57142857142856,390.1428571428572,90.35714285714286
1,26,3.3600000000000003,8.61,57.2,1010.63,224.0,3.24,28.2,104.0,100.2
4,16,9.785714285714286,20.178571428571427,87.07142857142857,1000.4928571428572,256.0,3.142857142857143,0.0,126.35714285714286,126.35714285714286
11,5,9.763636363636364,10.154545454545454,62.18181818181818,1014.9636363636364,342.3636363636364,2.5636363636363635,62.72727272727273,144.0,119.0
12,31,4.533333333333333,9.444444444444445,77.44444444444444,991.7444444444444,327.8888888888889,3.411111111111111,17.88888888888889,62.77777777777778,58.44444444444444
10,12,17.71818181818182,28.38181818181818,71.9090909090909,1000.8272727272728,201.27272727272728,3.963636363636364,167.9090909090909,202.72727272727272,142.63636363636363
1,15,5.99,8.15,73.7,1007.82,248.6,3.43,1.4,57.4,57.3
4,2,11.69285714285714,8.285714285714286,40.85714285714285,1012.4571428571428,31.785714285714285,5.842857142857143,513.6428571428571,384.8571428571428,93.14285714285714
10,20,11.854545454545455,24.163636363636364,83.0909090909091,995.2818181818184,21.545454545454547,4.427272727272728,0.0,116.36363636363636,116.36363636363636
4,24,20.57333333333333,20.486666666666668,48.266666666666666,1003.06,269.93333333333334,2.08,208.8,292.7333333333333,161.06666666666666
6,29,29.89375,19.925,40.625,1004.53125,118.4375,3.025,582.6875,507.625,106.5
1,22,6.62,9.58,71.6,984.32,287.8,2.12,262.1,145.3,70.1
10,22,13.21818181818182,15.681818181818182,66.0,1012.481818181818,107.54545454545456,1.5272727272727271,70.0909090909091,185.63636363636363,159.8181818181818
10,10,15.333333333333334,16.675,59.5,1007.0916666666668,247.5,4.25,472.0,289.0833333333333,94.75
2,12,5.19,10.01,76.5,1020.88,230.1,1.96,104.4,155.6,130.1
9,24,18.06923076923077,27.71538461538461,67.23076923076923,996.2923076923076,207.7692307692308,5.723076923076923,37.15384615384615,102.15384615384616,86.23076923076923
4,26,12.74,6.493333333333334,39.93333333333333,1004.08,49.73333333333333,5.366666666666666,646.6666666666666,476.06666666666666,80.46666666666667
12,17,9.4,10.666666666666666,80.66666666666667,1009.7333333333332,215.22222222222223,3.788888888888889,106.55555555555556,66.22222222222223,51.11111111111112
10,24,12.0,6.327272727272727,50.45454545454545,1010.6363636363636,189.0,2.8454545454545457,584.0,273.1818181818182,63.63636363636363
4,25,12.486666666666668,7.180000000000001,44.13333333333333,1010.8533333333332,49.73333333333333,5.739999999999999,589.6,458.2,87.6
5,13,12.58125,11.2875,52.9375,1020.0125,49.0625,5.85625,687.8125,492.125,68.4375
4,19,18.86428571428572,16.62142857142857,51.71428571428572,1009.592857142857,79.71428571428571,1.407142857142857,600.7857142857143,456.2857142857143,105.42857142857144
4,4,9.80714285714286,9.314285714285717,50.71428571428572,1013.2857142857144,66.0,3.064285714285714,528.9285714285714,394.1428571428572,106.85714285714286
1,13,8.95,19.2125,90.125,1001.45,281.375,7.6625,20.875,82.25,76.625
3,26,7.314285714285715,8.75,64.0,1017.9857142857144,38.07142857142857,3.2642857142857147,552.8571428571429,365.7142857142857,69.14285714285714
2,18,9.681818181818182,18.79090909090909,78.54545454545455,997.2454545454548,211.0909090909091,5.1000000000000005,0.0,67.63636363636364,67.63636363636364
12,13,5.9,18.344444444444445,82.33333333333333,999.4555555555556,181.55555555555557,4.155555555555555,15.444444444444445,75.11111111111111,71.77777777777777
11,22,6.166666666666667,7.2555555555555555,72.77777777777777,1012.4,36.66666666666666,5.822222222222222,33.44444444444444,107.55555555555556,102.66666666666669
9,30,14.953846153846152,16.192307692307693,46.23076923076923,1015.6692307692308,220.92307692307693,3.1923076923076925,479.38461538461536,316.0,93.07692307692308
10,29,13.963636363636365,25.345454545454547,70.54545454545455,1009.4545454545456,238.45454545454547,4.718181818181818,2.090909090909091,85.81818181818181,85.54545454545455
6,28,19.09375,20.94375,55.6875,1004.81875,240.125,4.675,120.5625,323.375,253.0625
5,1,9.986666666666668,13.006666666666666,59.53333333333333,1003.1933333333332,43.4,1.9866666666666668,0.0,147.26666666666668,147.26666666666668
3,4,7.916666666666667,11.675,78.25,986.4833333333332,249.16666666666663,10.408333333333331,75.25,140.33333333333334,115.33333333333331
10,14,11.71818181818182,14.61818181818182,60.27272727272727,1004.181818181818,45.54545454545455,4.6000000000000005,270.54545454545456,251.0909090909091,126.63636363636364
12,11,7.733333333333332,11.566666666666666,70.66666666666667,998.5555555555557,253.33333333333331,3.3666666666666667,40.66666666666666,95.33333333333331,85.88888888888889
2,8,0.52,6.859999999999999,64.1,987.16,15.7,2.07,0.0,45.0,45.0
8,17,21.85,28.914285714285715,57.35714285714285,999.2714285714284,220.14285714285717,4.178571428571429,104.64285714285714,286.6428571428572,225.57142857142856
5,4,7.346666666666667,11.233333333333333,78.0,999.2266666666668,187.26666666666668,6.253333333333333,87.0,194.2,151.66666666666666
4,2,7.707142857142857,8.014285714285714,51.42857142857143,1005.5642857142856,332.6428571428572,2.6357142857142857,282.2142857142857,326.85714285714283,188.57142857142856
2,18,8.736363636363636,10.78181818181818,59.09090909090909,1015.9272727272728,242.27272727272728,5.5,252.3636363636364,211.72727272727272,128.0
7,24,21.3125,27.58125,64.5625,998.29375,226.3125,4.06875,221.1875,356.0625,223.125
10,3,12.438461538461535,11.13846153846154,40.84615384615385,1008.7692307692308,170.84615384615384,1.5923076923076922,272.3076923076923,233.3846153846154,123.53846153846152
5,13,12.06875,10.31875,48.0625,1000.68125,35.5625,5.3625,380.75,437.3125,161.5
12,30,5.488888888888889,6.477777777777778,39.22222222222222,1021.3666666666666,173.44444444444446,1.5555555555555556,563.2222222222222,163.44444444444446,32.111111111111114
5,5,11.5,22.87857142857143,72.42857142857143,1005.65,69.0,4.064285714285714,7.857142857142857,166.57142857142858,160.92857142857142
4,25,12.478571428571428,16.092857142857145,73.78571428571429,988.65,195.5,6.171428571428572,77.21428571428571,209.2142857142857,166.85714285714286
1,24,3.61,11.96,49.0,1011.66,123.2,0.91,260.4,158.4,79.2
10,9,16.141666666666666,11.3,51.41666666666666,1014.875,49.0,3.3083333333333336,544.75,309.75,77.75
10,25,13.3,20.7,73.0909090909091,992.3272727272728,208.3636363636364,5.663636363636363,16.545454545454547,55.18181818181818,52.09090909090909
7,17,21.00625,28.41875,62.5,1013.75625,26.25,3.7625,184.5625,333.0625,231.0
10,15,15.69090909090909,19.83636363636364,60.36363636363637,996.7636363636364,233.0,4.118181818181818,115.8181818181818,213.0,170.0909090909091
2,23,14.918181818181818,16.636363636363637,67.45454545454545,1018.5272727272728,196.63636363636363,5.090909090909091,137.72727272727272,198.8181818181818,146.0909090909091
9,10,22.464285714285715,24.685714285714287,59.42857142857143,1009.4642857142856,115.28571428571428,1.5857142857142856,154.64285714285714,283.2857142857143,197.64285714285717
3,5,9.733333333333333,19.70833333333333,84.5,977.6416666666668,184.5,4.466666666666667,25.0,106.83333333333331,93.66666666666669
9,25,20.876923076923077,25.753846153846155,49.92307692307692,1003.8615384615384,148.30769230769232,1.830769230769231,299.9230769230769,274.0769230769231,124.23076923076924
11,28,8.955555555555556,14.733333333333333,56.333333333333336,1005.0444444444444,71.0,2.177777777777778,504.44444444444446,176.0,45.11111111111112
7,22,27.7375,25.21875,37.4375,1012.04375,103.6875,1.39375,541.1875,472.5625,109.875
5,11,12.30625,15.11875,73.875,1002.58125,327.4375,6.06875,111.9375,268.25,186.3125
4,7,6.278571428571429,6.528571428571429,41.92857142857143,1013.4571428571428,288.1428571428572,3.914285714285714,547.1428571428571,411.6428571428572,93.85714285714286
9,3,23.592857142857145,26.07857142857143,45.785714285714285,1006.55,124.35714285714286,1.2642857142857142,525.8571428571429,403.5,102.92857142857144
3,17,7.741666666666667,12.5,68.08333333333333,1017.7416666666668,351.25,6.083333333333333,1.8333333333333333,149.33333333333334,148.91666666666666
9,28,16.96923076923077,15.76923076923077,49.15384615384615,1010.123076923077,182.7692307692308,2.276923076923077,273.15384615384613,279.7692307692308,155.69230769230768
8,20,19.314285714285717,18.792857142857144,51.57142857142857,1013.0285714285714,316.0,2.321428571428572,302.92857142857144,378.57142857142856,221.92857142857144
6,29,14.675,24.94375,84.5,1003.01875,228.1875,1.425,0.0,207.5,207.5
7,2,22.08125,27.375,60.0,1006.09375,227.5625,1.44375,184.3125,357.0,239.6875
4,18,19.25,19.7,53.142857142857146,1004.4928571428572,257.5,2.95,320.5,340.07142857142856,170.0
5,23,17.8875,16.95625,53.25,1003.25,157.125,1.73125,356.75,426.9375,190.125
1,19,1.2000000000000002,11.711111111111112,80.33333333333333,995.8888888888888,150.55555555555554,4.866666666666666,47.0,86.88888888888889,77.22222222222223
11,12,7.52,11.01,68.3,993.51,256.8,4.74,140.4,141.7,102.9
1,18,6.15,8.3,72.8,1016.84,231.5,2.0,286.6,144.7,72.9
6,18,18.33125,22.04375,59.8125,1001.2625,217.8125,3.9,184.125,353.125,246.6875
10,28,14.890909090909092,12.763636363636364,50.45454545454545,1003.4545454545456,182.0909090909091,4.3,585.7272727272727,254.3636363636364,46.18181818181818
1,25,5.13,13.89,82.7,1009.36,131.8,1.58,9.5,109.5,107.6
4,27,10.62,11.013333333333332,65.46666666666667,1002.2266666666668,268.53333333333336,8.42,273.7333333333333,346.26666666666665,167.46666666666667
1,12,5.688888888888889,13.61111111111111,88.88888888888889,1010.8444444444444,261.44444444444446,5.766666666666667,0.0,55.44444444444444,55.44444444444444
11,19,9.977777777777778,17.98888888888889,71.11111111111111,1021.0888888888888,141.44444444444446,0.8,4.222222222222222,78.77777777777777,78.44444444444444
9,22,17.653846153846153,18.54615384615385,45.61538461538461,1016.3076923076924,66.23076923076923,2.353846153846154,570.9230769230769,364.46153846153845,75.38461538461539
9,25,12.36923076923077,15.092307692307692,59.76923076923077,991.676923076923,293.7692307692308,7.3076923076923075,39.30769230769231,172.3846153846154,158.92307692307693
5,30,20.9375,15.26875,42.875,1009.0,80.25,4.075,679.75,516.25,83.1875
2,19,7.854545454545455,10.290909090909093,76.9090909090909,1007.4272727272728,243.27272727272728,2.2,248.0909090909091,185.27272727272728,100.0
12,6,4.955555555555556,11.244444444444444,73.22222222222223,987.8666666666666,83.22222222222223,1.9444444444444444,2.4444444444444446,73.44444444444444,72.77777777777777
3,23,10.241666666666667,10.791666666666666,46.25,1015.1083333333332,168.16666666666666,1.1916666666666669,659.9166666666666,412.5833333333333,87.5
1,8,2.011111111111111,7.133333333333334,79.44444444444444,1007.0222222222224,264.3333333333333,1.2111111111111112,26.0,81.11111111111111,76.22222222222223
4,20,14.564285714285717,13.121428571428572,48.85714285714285,1005.2,60.21428571428572,1.8357142857142856,213.7142857142857,341.7857142857143,212.2142857142857
8,10,20.3625,29.28125,64.8125,1006.81875,253.5,2.41875,108.75,291.5625,222.8125
1,11,5.99,9.62,74.8,1020.81,200.8,3.16,224.6,131.9,75.9
5,28,16.66875,18.5875,57.125,1010.7625,68.8125,2.99375,604.1875,496.625,102.875
2,2,13.05,18.65,75.0,990.74,239.9,5.8100000000000005,114.8,144.4,112.6
5,17,11.9875,16.9875,81.625,998.60625,259.875,5.475,152.5625,296.0,205.125
6,13,16.51875,20.24375,61.375,1000.88125,209.0625,5.35,102.9375,291.0625,246.375
10,21,12.627272727272729,16.018181818181816,70.0909090909091,1000.681818181818,265.45454545454544,5.854545454545455,254.0909090909091,157.63636363636363,84.54545454545455
10,20,15.127272727272729,30.80909090909091,72.81818181818181,998.0,184.45454545454547,5.245454545454546,0.0,58.27272727272727,58.27272727272727
11,12,11.24,15.05,53.7,1006.35,206.2,2.93,289.1,172.9,81.8
2,25,10.65,8.983333333333333,49.91666666666666,1019.775,80.25,3.25,614.75,285.8333333333333,50.75
5,12,12.59375,15.6375,63.875,1000.28125,194.1875,3.06875,105.875,264.8125,217.125
6,1,21.552941176470583,17.258823529411764,53.52941176470589,1001.2823529411764,89.94117647058823,3.588235294117647,641.5882352941177,485.3529411764706,78.6470588235294
7,19,23.225,31.55,53.4375,1003.80625,240.5,2.28125,263.125,392.625,214.875
7,11,24.99375,30.88125,48.1875,1002.51875,251.3125,2.29375,88.4375,258.625,182.5
1,28,3.77,7.33,69.6,990.25,310.4,6.16,258.7,140.2,70.9
1,29,1.65,10.26,80.5,987.32,162.8,5.84,0.0,78.4,78.4
5,22,12.34375,14.38125,68.0625,998.2875,241.75,6.31875,170.625,318.1875,214.375
7,24,22.40625,28.01875,52.0625,1003.93125,291.0,2.9875,110.625,267.75,204.875
3,10,10.041666666666666,9.25,70.16666666666667,1000.6166666666668,269.5,11.358333333333334,335.8333333333333,278.5,137.0
11,17,6.311111111111111,10.11111111111111,70.22222222222223,998.8777777777776,33.22222222222222,1.955555555555556,161.44444444444446,145.55555555555554,89.22222222222223
2,22,9.75,17.958333333333332,69.08333333333333,1016.1,231.75,5.7,166.75,177.08333333333334,110.66666666666669
4,20,16.766666666666666,18.74,55.93333333333333,999.6266666666668,64.53333333333333,5.006666666666666,461.53333333333336,411.3333333333333,125.53333333333332
12,4,9.72222222222222,13.733333333333334,73.77777777777777,989.2333333333332,276.8888888888889,6.066666666666666,53.77777777777778,73.77777777777777,63.11111111111112
3,15,10.691666666666668,11.816666666666668,60.5,1008.3083333333334,323.9166666666667,5.933333333333334,44.833333333333336,177.0,159.75
5,28,19.725,17.00625,51.625,1018.15,41.3125,4.3,651.3125,508.3125,89.0625
7,11,19.68125,13.91875,41.5,1014.0375,71.1875,3.2,490.125,466.0,166.1875
8,13,24.526666666666664,23.53333333333333,45.6,1011.7333333333332,313.93333333333334,2.4266666666666667,578.1333333333333,454.06666666666666,97.8
4,22,17.78666666666667,11.186666666666667,48.4,1003.6266666666668,63.2,3.506666666666667,649.6,458.53333333333336,78.0
9,17,20.46923076923077,20.6,48.84615384615385,1004.6153846153846,137.3846153846154,2.630769230769231,431.1538461538461,348.38461538461536,144.69230769230768
10,23,14.245454545454544,28.645454545454548,76.81818181818181,1000.7909090909092,102.9090909090909,2.6727272727272724,21.727272727272727,104.54545454545456,99.0
7,3,19.85625,31.0375,67.125,1003.5625,228.5,3.09375,41.5625,263.0,239.4375
11,23,9.577777777777778,17.022222222222222,86.11111111111111,1017.811111111111,222.33333333333331,1.2777777777777777,71.66666666666667,112.0,98.0
5,6,7.38,16.513333333333335,87.8,995.2466666666666,231.26666666666668,2.933333333333333,3.2666666666666666,140.66666666666666,138.73333333333332
8,17,18.30666666666667,25.42,56.8,1010.1733333333334,280.4,3.48,40.333333333333336,198.8,178.26666666666668
11,4,9.554545454545456,10.154545454545454,59.54545454545455,1020.8090909090909,103.8181818181818,2.0,450.0,209.3636363636364,63.18181818181818
4,19,16.514285714285712,17.521428571428572,54.92857142857143,1004.1928571428572,33.92857142857143,4.021428571428571,475.7857142857143,430.2857142857143,116.28571428571428
2,4,2.37,11.04,74.7,1011.01,197.4,5.98,1.3,88.7,88.7
1,28,6.65,9.35,60.1,992.92,256.6,7.970000000000001,247.9,168.8,93.3
11,1,11.97272727272727,14.509090909090908,67.81818181818181,990.7727272727273,228.9090909090909,5.5181818181818185,296.09090909090907,175.27272727272728,79.63636363636364
5,16,12.1625,16.44375,81.0625,992.3375,235.625,5.1,71.75,260.1875,208.125
4,17,14.135714285714286,13.507142857142856,62.142857142857146,1004.7357142857144,130.14285714285714,3.164285714285714,637.5,456.07142857142856,94.85714285714286
7,26,26.24375,39.89375,55.0,999.51875,318.25,4.63125,138.25,319.1875,214.6875
5,24,17.30625,21.475,61.5,1001.95625,325.875,2.8375,206.875,371.9375,212.875
3,26,11.576923076923077,12.96923076923077,60.07692307692308,1006.0076923076924,212.46153846153845,5.269230769230769,154.07692307692307,272.38461538461536,192.07692307692307
10,31,14.545454545454543,24.036363636363635,78.9090909090909,988.6090909090908,194.27272727272728,6.236363636363635,44.27272727272727,112.9090909090909,102.45454545454544
7,17,22.0,25.5625,54.625,1010.65,330.4375,1.8125,183.9375,327.8125,226.25
1,9,1.92,6.35,75.2,1011.82,47.0,3.7,488.0,158.2,35.4
4,10,10.392857142857142,16.071428571428573,82.5,998.0,116.78571428571428,4.178571428571429,0.6428571428571429,99.78571428571428,99.71428571428572
3,5,8.0,13.925,79.16666666666667,994.875,228.66666666666663,6.608333333333333,28.166666666666668,139.66666666666666,131.08333333333334
6,12,14.925,18.75,68.5625,998.10625,186.1875,4.05,108.1875,306.875,232.6875
6,5,14.28125,20.8375,65.3125,989.43125,258.5,6.4125,2.625,201.8125,200.125
1,18,4.544444444444444,9.588888888888889,82.77777777777777,1015.7111111111112,228.77777777777777,2.677777777777778,278.6666666666667,155.88888888888889,85.11111111111111
1,14,6.609999999999999,10.010000000000002,74.7,1005.28,315.5,5.29,7.9,76.0,75.2
7,24,33.125,33.60625,30.1875,1002.89375,249.375,2.0125,431.5625,443.0,144.375
7,15,19.04375,29.18125,59.5625,1005.45625,305.25,2.86875,6.625,250.0,245.125
5,16,13.875,11.7375,49.875,1000.125,62.375,3.41875,490.1875,455.0625,126.875
9,20,18.115384615384617,27.46923076923077,72.3076923076923,1008.5230769230768,325.0769230769231,2.330769230769231,5.384615384615385,160.92307692307693,157.46153846153845
12,26,7.8,15.3125,72.75,1011.1625,202.75,3.6375,212.5,128.125,71.75
10,21,13.445454545454544,16.263636363636365,70.63636363636364,1006.4454545454544,247.0909090909091,4.063636363636364,23.727272727272727,159.45454545454547,152.1818181818182
8,21,23.55333333333333,29.64,51.4,1005.1333333333332,191.46666666666667,3.6266666666666665,59.4,241.4,208.13333333333333
2,17,9.66,12.81,78.1,1007.97,206.0,4.69,145.3,183.0,140.4
10,31,9.709090909090907,26.79090909090909,88.54545454545455,1006.3363636363636,85.45454545454545,2.618181818181818,2.4545454545454546,110.72727272727272,110.45454545454544
6,21,18.84375,28.05625,68.8125,1010.25,241.375,4.06875,51.1875,268.625,239.9375
5,9,19.72,30.18,67.46666666666667,999.5866666666666,115.53333333333332,1.4400000000000002,40.86666666666667,244.66666666666663,213.86666666666667
3,21,8.933333333333334,11.291666666666666,68.16666666666667,1014.4,165.91666666666666,3.575,53.583333333333336,157.08333333333334,136.08333333333334
7,9,25.18125,28.13125,51.5625,1004.2375,245.875,3.6375,589.0625,485.5,110.4375
8,12,30.87333333333333,37.56,41.4,1001.0133333333334,167.46666666666667,2.14,327.1333333333333,374.1333333333333,136.0
5,10,15.50625,15.45625,58.6875,995.70625,218.5,4.83125,179.9375,332.5,204.8125
12,29,4.233333333333333,11.2,84.22222222222223,980.2777777777778,216.0,3.4222222222222225,0.0,32.22222222222222,32.22222222222222
5,17,14.69375,15.9625,58.375,990.625,114.375,1.60625,29.625,246.6875,229.625
7,25,35.5375,29.9125,24.25,999.94375,140.5625,2.6875,424.4375,440.625,149.6875
4,4,6.914285714285714,6.628571428571428,57.71428571428572,984.5714285714286,204.57142857142856,4.335714285714286,405.2142857142857,357.2142857142857,169.07142857142858
3,8,8.758333333333335,10.5,68.25,1002.0416666666666,244.25,6.141666666666667,236.91666666666663,243.5,153.91666666666666
8,15,19.90714285714285,22.97142857142857,60.85714285714285,1004.9357142857144,273.92857142857144,5.735714285714286,125.57142857142856,292.5,229.78571428571428
7,15,19.825,18.29375,54.4375,1008.625,19.0625,3.75625,553.1875,481.0,130.75
3,1,8.783333333333333,13.708333333333334,84.83333333333333,1005.0416666666666,303.25,5.491666666666667,4.083333333333333,83.41666666666667,83.0
5,9,19.673333333333336,25.326666666666664,65.66666666666667,990.52,196.7333333333333,5.52,202.6,345.3333333333333,191.33333333333331
4,1,20.664285714285715,18.40714285714285,45.785714285714285,1008.6,49.285714285714285,2.857142857142857,145.64285714285714,276.85714285714283,187.5
11,20,8.31111111111111,10.411111111111111,59.888888888888886,1025.0222222222224,244.0,0.8777777777777778,206.55555555555557,149.22222222222223,97.55555555555556
12,31,7.855555555555556,13.61111111111111,95.11111111111111,1020.9555555555556,329.77777777777777,1.8444444444444448,0.0,34.44444444444444,34.44444444444444
11,5,10.681818181818182,14.954545454545457,74.63636363636364,985.2636363636364,157.54545454545453,1.836363636363636,171.54545454545453,160.45454545454547,98.9090909090909
9,8,16.07857142857143,13.664285714285716,49.57142857142857,1010.2785714285714,347.92857142857144,3.314285714285714,214.07142857142856,281.42857142857144,182.28571428571428
5,25,16.75,20.30625,69.1875,1003.95,326.125,3.48125,76.0,298.0,247.6875
1,4,6.766666666666667,10.655555555555557,73.0,1024.5888888888887,287.77777777777777,3.1222222222222222,253.66666666666663,135.55555555555554,68.66666666666667
11,1,13.372727272727271,30.10909090909091,91.72727272727272,994.5636363636364,194.8181818181818,4.727272727272728,18.181818181818183,98.1818181818182,95.0909090909091
9,15,21.315384615384616,35.91538461538461,76.0,1001.2307692307692,233.46153846153845,1.7846153846153845,2.923076923076923,120.3846153846154,119.76923076923076
6,23,14.8875,25.225,74.25,1009.56875,12.625,3.63125,0.0,137.875,137.875
1,21,3.22,6.19,62.7,1029.09,58.2,2.01,534.8,186.2,42.8
6,11,16.25,17.7875,51.75,1001.175,159.3125,2.06875,144.6875,314.8125,230.25
12,21,10.125,27.7375,86.375,1002.875,199.125,6.7125,0.0,37.375,37.375
5,26,16.5875,23.2625,68.9375,1002.35625,265.625,4.2625,263.4375,357.8125,192.1875
10,2,14.453846153846154,12.646153846153847,57.61538461538461,1004.3461538461538,264.38461538461536,4.653846153846154,233.53846153846155,230.07692307692307,154.23076923076923
8,7,22.78125,23.1375,50.0625,998.95625,267.8125,3.04375,190.6875,340.5,232.4375
8,8,32.67333333333333,31.246666666666663,28.866666666666667,1006.62,100.53333333333332,1.913333333333333,304.1333333333333,362.73333333333335,184.13333333333333
8,26,29.092857142857145,21.685714285714287,30.642857142857142,1006.0428571428572,76.0,1.9285714285714288,630.1428571428571,448.5,87.85714285714286
7,7,17.84375,22.95,68.625,1004.73125,232.3125,3.15625,239.6875,348.6875,219.4375
7,23,25.00625,26.05625,53.625,1002.09375,80.4375,4.2625,272.3125,388.6875,211.375
11,13,13.233333333333333,25.466666666666665,78.55555555555556,1005.7444444444444,208.22222222222223,4.622222222222223,82.44444444444444,114.55555555555556,93.55555555555556
1,16,9.69,10.57,74.7,1010.77,164.0,4.529999999999999,440.1,163.9,47.3
2,8,8.47,15.169999999999998,80.3,997.24,206.8,9.54,0.0,79.6,79.6
12,27,7.5375,16.5375,81.0,972.575,214.625,9.2875,0.0,35.375,35.375
9,30,17.233333333333334,21.53333333333333,66.0,1001.8916666666668,192.25,3.108333333333334,0.9166666666666666,165.83333333333334,165.5
7,16,21.90625,15.975,43.9375,1007.5125,65.6875,1.9125,457.5,454.9375,183.0
4,28,9.24,12.646666666666668,70.46666666666667,1005.66,297.2,6.366666666666666,41.06666666666667,210.6,195.6
4,2,11.4,14.571428571428571,70.42857142857143,991.9571428571428,235.42857142857144,6.328571428571428,106.57142857142856,230.8571428571429,160.85714285714286
11,24,7.655555555555556,11.911111111111111,68.11111111111111,1010.6222222222224,156.11111111111111,2.7,316.22222222222223,167.0,74.0
10,4,15.476923076923075,20.04615384615385,66.07692307692308,998.953846153846,265.0769230769231,5.438461538461539,126.76923076923076,193.30769230769232,147.76923076923077
12,7,5.788888888888889,14.433333333333334,85.11111111111111,996.1111111111112,170.88888888888889,5.1,0.1111111111111111,57.22222222222222,57.22222222222222
10,19,14.654545454545454,21.518181818181816,69.36363636363636,994.0545454545456,218.0909090909091,3.345454545454545,133.1818181818182,154.27272727272728,112.8181818181818
3,1,6.883333333333333,12.608333333333334,77.33333333333333,984.2916666666666,234.16666666666663,4.816666666666666,5.083333333333333,82.08333333333333,81.33333333333333
4,30,12.84,14.08,59.06666666666667,991.48,225.66666666666663,6.6466666666666665,67.33333333333333,238.06666666666663,196.7333333333333
10,16,15.20909090909091,12.827272727272726,50.36363636363637,1010.1181818181816,56.27272727272727,1.718181818181818,513.9090909090909,294.72727272727275,85.18181818181819
6,25,17.2125,27.8875,64.5625,1008.43125,247.1875,2.64375,14.0625,245.9375,236.3125
8,21,20.88,16.893333333333334,40.4,1015.9333333333332,49.8,1.7666666666666666,504.1333333333333,415.26666666666665,135.33333333333334
8,9,18.575,25.6375,63.5625,1006.1,223.8125,4.05,60.1875,261.6875,221.875
4,18,10.271428571428572,12.985714285714286,51.142857142857146,1011.7928571428572,84.71428571428571,2.792857142857143,238.64285714285717,315.2857142857143,172.0
3,11,14.183333333333332,16.883333333333333,70.75,1006.2916666666666,233.91666666666663,5.9,138.41666666666666,218.58333333333331,165.16666666666666
2,6,8.190000000000001,20.89,94.7,1007.99,197.2,4.84,0.0,78.8,78.8
11,9,9.236363636363636,13.372727272727271,63.45454545454545,1014.8545454545456,83.0909090909091,1.190909090909091,485.54545454545456,200.63636363636363,44.90909090909091
10,22,17.518181818181816,23.30909090909091,66.45454545454545,1001.1454545454544,213.1818181818182,3.9181818181818175,87.45454545454545,157.63636363636363,131.63636363636363
1,24,2.56,8.0,81.7,989.83,202.7,4.33,13.9,61.4,58.9
8,25,21.514285714285712,17.72142857142857,43.5,1009.3571428571428,47.07142857142857,4.442857142857143,627.3571428571429,456.8571428571428,93.0
5,27,15.69375,13.81875,56.6875,1009.8625,218.375,1.35625,393.875,435.5,195.25
2,21,13.30909090909091,13.79090909090909,54.90909090909091,1000.9090909090908,162.1818181818182,3.2454545454545456,377.9090909090909,252.45454545454547,95.1818181818182
9,22,18.623076923076923,32.03076923076923,71.46153846153847,997.4692307692308,203.3846153846154,4.469230769230769,0.1538461538461538,91.15384615384616,91.15384615384616
7,12,18.4625,31.35,85.0625,998.4,202.5625,2.775,40.3125,209.6875,181.1875
3,4,10.025,14.516666666666666,73.66666666666667,1010.5333333333332,271.5,2.958333333333333,79.83333333333333,139.66666666666666,116.08333333333331
10,3,12.775,17.558333333333334,66.83333333333333,977.8083333333334,149.25,2.7416666666666667,93.75,162.25,124.5
4,18,18.007142857142856,18.678571428571427,52.85714285714285,1004.4285714285714,94.92857142857144,4.307142857142857,393.7857142857143,404.8571428571428,175.14285714285714
8,24,21.264285714285712,16.228571428571428,46.285714285714285,1012.7642857142856,47.92857142857143,5.335714285714286,420.57142857142856,412.57142857142856,180.07142857142858
5,9,12.34375,16.54375,78.625,985.64375,258.625,7.0625,18.625,199.3125,189.875
12,17,12.68888888888889,20.522222222222226,76.11111111111111,990.8333333333334,208.88888888888889,4.6,190.77777777777777,120.66666666666669,69.55555555555556
7,5,18.54375,30.24375,76.5625,997.29375,212.9375,3.1625,21.625,250.5,231.25
12,22,9.8875,13.3875,64.5,980.75,265.125,8.025,66.0,106.25,94.625
12,15,10.7875,14.2625,76.875,999.8875,219.5,2.7625,304.5,136.25,64.25
4,9,12.664285714285716,14.685714285714283,53.285714285714285,1003.0285714285714,217.28571428571428,3.0500000000000003,118.14285714285714,246.14285714285717,175.71428571428572
3,18,7.3,10.233333333333333,71.25,1006.9166666666666,305.5833333333333,4.383333333333334,143.0,260.4166666666667,209.58333333333331
12,18,6.488888888888889,8.944444444444445,72.22222222222223,1023.7888888888888,46.11111111111112,3.1333333333333333,518.8888888888889,154.11111111111111,32.55555555555556
1,6,4.375,11.6,82.5,1021.05,314.375,2.925,0.0,43.875,43.875
3,13,9.641666666666667,11.075,53.5,992.9833333333332,260.1666666666667,8.608333333333334,113.83333333333331,203.25,142.58333333333334
9,27,13.116666666666667,24.058333333333334,78.66666666666667,993.875,324.5,8.741666666666667,0.0,67.41666666666667,67.41666666666667
4,23,21.1,11.946666666666664,38.93333333333333,1006.46,126.13333333333334,1.14,648.0,460.53333333333336,80.86666666666666
3,19,16.033333333333335,18.45,58.91666666666666,1011.7916666666666,118.08333333333331,1.4416666666666669,484.75,363.25,113.91666666666669
10,2,16.416666666666668,27.21666666666667,68.66666666666667,995.1916666666666,188.83333333333331,6.491666666666667,50.66666666666666,142.41666666666666,117.25
5,21,13.8875,12.31875,58.0,997.2,234.9375,7.16875,218.75,361.4375,210.125
5,10,11.886666666666668,18.313333333333333,80.2,995.56,200.9333333333333,3.0133333333333336,39.53333333333333,239.6,214.0
12,21,9.2,12.466666666666669,72.77777777777777,978.0666666666668,196.22222222222223,5.966666666666667,46.0,99.11111111111111,87.0
3,10,12.808333333333332,27.883333333333336,81.16666666666667,1002.5333333333332,243.66666666666663,6.566666666666666,10.083333333333334,108.75,107.41666666666669
